{
	"jobName":"201005041935_0032-1,620,000-a",
	
	"numberOfMappers":60,
	"numberOfReducers":1,
	
	"replication":3,

	"data":{ "name":"data_1", "size":478627929.0,
		 "records":1620000.0, "replica":["m3","m1","m2"]},
	

	"inputSplits":[],
		
	"outputSplits":[],
	
	
	"useCombiner":false,
	
	"useCompression":false,

	
	
	"memoryLimit":141387360.0,

	"algorithm":{
		"mapCost":10000.0,
		"mapRecords":50,
		"mapOutAvRecordSize":12.0,
		
		"combineCost":1.0,
		"combineSize":1.0,
		"combineRecords":1.0,

		"combineGroups":1.0,
		"combineOutAvRecordSize":1.0,
		"combineOutAvRecordSize_add":0.0,
	
		
		"reduceCost":80.0,
		"reduceRecords":1.235E-03,
		"reduceOutAvRecordSize":9.8889,
		
		"compressionCost":1.0,
		"uncompressionCost":1.0,
		"compressionSize":1.0
}
}
