{
   "jobName":"201005041935_0032-1,620,000-a",

   "algorithm":{
      "compressionCost":1.0,
      "uncompressionCost":1.0,
      "compressionSize":1.0,

      "mapCost":10000.0,
      "mapSize":5.769283,
      "mapRecords":50.0,
      "mapOutAvRecordSize":12.0,

      "combineCost":1.0,
      "combineSize":1.0,
      "combineRecords":1.0,
      "combineGroups":1.0,
      "combineOutAvRecordSize":1.0,
      "combineOutAvRecordSize_add":0.0,

      "reduceCost":80.0,
      "reduceRecords":0.001235,
      "reduceOutAvRecordSize":9.8889
   },
   "data":{
      "name":"data_1",
      "size":4.78627929E8,
      "records":1620000.0,
      "replica":[
         "m3",
         "m1",
         "m2"
      ]
   },
   "replication":3,
   "inputSplits":[

   ],
   "outputSplits":[

   ],

   "ioSortFactor":10,
   "ioSortMb":100.0,
   "ioSortRecordPercent":0.05,
   "ioSortSpillPercent":0.8,

   "mapredChildJavaOpts":200,
   "mapredInmemMergeThreshold":1000,
   "mapredJobReduceInputBufferPercent":0.0,
   "mapredJobShuffleInputBufferPercent":0.7,
   "mapredJobShuffleMergePercent":0.66,
   "mapReduceParallelCopies":5,
   "memoryLimit":1.4138736E8,

   "numberOfMappers":60,
   "numberOfReducers":1,

   "useCombiner":false,
   "useCompression":false
}
