319.6726666,-2.89320328,18.006258,18.408295,17.027491,16.594183,15.47355,STAR
319.42017295,-2.91605515,19.453272,17.512213,16.457823,15.911284,15.466995,GALAXY
202.55299093,39.86892911,17.820675,16.164869,15.296254,14.812856,14.419583,GALAXY
51.95792979,0.44178806,17.90674,16.767498,16.243202,16.038309,15.933592,STAR
52.05059022,0.14966321,19.351822,18.277271,18.06134,17.999191,17.999123,STAR
52.85661769,0.97756273,18.178764,16.997499,16.512629,16.314194,16.207306,STAR
52.72667419,0.88746662,17.930399,16.900446,16.418163,16.214106,16.1061,STAR
52.15864799,0.5100779,18.619341,17.314531,16.763399,16.53455,16.394312,STAR
53.20048607,0.98428468,18.533112,17.290426,16.885372,16.68297,16.680038,STAR
199.74714613,40.75058514,19.364893,18.522486,18.221889,18.177002,18.150454,STAR
199.78934043,41.84853082,18.140757,17.285131,16.954441,16.831633,16.800602,STAR
200.21853348,41.60524009,19.367323,17.27644,16.159353,15.695414,15.299808,GALAXY
158.82992158,63.94061555,19.297565,17.409573,16.431635,16.044048,15.707916,GALAXY
158.78373508,63.9613952,19.283352,17.41073,16.419657,16.042131,15.731997,GALAXY
158.46569976,64.00875398,17.807444,16.852987,16.506035,16.355999,16.307528,STAR
159.38327796,65.01826557,16.666737,15.442225,14.847718,14.522323,14.244617,GALAXY
159.43941379,64.89249705,17.850601,16.959314,16.703112,16.594143,16.566309,STAR
159.66528484,65.07659331,19.300545,18.327414,17.695711,17.370743,17.10552,GALAXY
159.58360189,65.15491667,18.954319,17.563536,17.079355,16.813087,16.631681,GALAXY
159.86881202,65.07536645,19.338604,17.555792,16.709183,16.382629,16.064152,GALAXY
158.74845778,64.85860673,18.542641,17.76866,17.561474,17.479181,17.342653,GALAXY
158.38529743,64.92387114,18.834839,17.465036,16.673016,16.244921,15.939604,GALAXY
158.45076787,65.13921738,19.397432,18.097509,17.486315,17.140514,16.935259,GALAXY
158.54086971,64.79921764,19.05978,19.219921,18.802317,18.697927,18.602047,QSO
158.48787917,64.79494934,19.293579,19.114315,19.059414,18.791609,18.759335,QSO
158.51369798,64.91975207,19.251049,18.051506,17.643427,17.436357,17.418221,GALAXY
158.32024888,64.99142566,18.77877,17.693687,17.257187,17.001646,16.832092,GALAXY
158.94388998,64.93788407,18.588476,17.331253,16.651239,16.286377,16.070936,GALAXY
158.32919931,64.96956011,18.356695,16.496244,15.689622,15.296249,14.972157,GALAXY
157.90931589,65.02596992,18.594303,17.325762,16.811481,16.474306,16.327242,GALAXY
157.98101831,64.73484735,18.880487,17.669739,16.908136,16.469706,16.10042,GALAXY
158.18814701,64.69841525,18.37772,18.172565,18.18977,18.313183,18.266373,QSO
158.08721795,64.86815985,19.226627,18.094875,17.599863,17.421366,17.231356,GALAXY
157.73382609,64.95733825,19.561205,19.464119,19.228931,19.32172,19.441631,QSO
158.41503662,64.68803997,18.878578,17.813051,17.492176,17.339428,17.256157,GALAXY
159.05743273,64.77495834,18.087967,16.868736,16.400568,16.143251,15.987568,GALAXY
158.82532021,64.73676266,18.887241,18.827904,18.633825,18.590418,18.559977,QSO
159.43605001,64.83063022,19.335941,19.216066,19.211548,19.01478,19.051226,QSO
158.34515262,64.50161957,16.142504,14.783356,14.251794,14.005683,13.847963,GALAXY
159.8886283,64.65542364,18.510767,17.554525,17.281788,17.172201,17.169226,STAR
160.14451323,64.69637993,19.200327,16.887333,16.070414,15.682227,15.390068,GALAXY
158.60085725,64.4557638,19.519428,19.388285,19.291597,19.079533,18.849852,QSO
158.73134289,64.29588719,19.571203,19.516834,19.270777,19.122282,19.18137,QSO
158.78753758,64.45070128,16.50626,15.520778,15.017049,14.762124,14.498696,GALAXY
187.28507803,-1.33861225,19.010141,18.157446,17.914621,17.836937,17.805981,STAR
187.28935205,-1.25582802,18.898394,17.970814,17.672398,17.574335,17.532309,STAR
335.94519065,38.35897081,18.629732,17.057432,16.410427,16.144844,16.029068,STAR
336.05862463,38.56154309,19.372614,17.211975,16.253254,15.898817,15.683054,STAR
336.09553908,38.2925684,18.351654,16.661211,15.987425,15.767153,15.677832,STAR
156.27871313,5.62314205,19.569052,18.396261,18.053497,17.897951,17.909618,STAR
156.12559445,5.57912617,19.32082,18.322052,18.068468,18.0539,17.989775,STAR
156.28863796,5.56163041,19.490824,18.015659,17.317144,16.922482,16.67359,GALAXY
156.41194679,5.86729671,18.961475,17.883289,17.457054,17.204559,17.020151,GALAXY
156.44587164,5.80947374,18.844707,17.559519,17.47332,17.489794,17.483797,STAR
156.41973652,5.6491283,19.254141,18.047363,17.534361,17.182587,17.050745,GALAXY
156.37385263,5.61737153,17.555992,16.362743,15.962431,15.838929,15.799294,STAR
156.37734506,5.57691053,19.370031,18.024048,17.529968,17.337702,17.240864,STAR
156.94234118,5.99197234,19.354082,18.233194,17.807682,17.492117,17.314373,GALAXY
335.8960025,38.38514957,18.039835,16.396072,15.796801,15.586063,15.525175,STAR
156.56317165,5.95990407,19.456711,18.08481,17.306648,16.885599,16.565489,GALAXY
156.37698972,5.64085013,18.773954,16.237272,14.93588,14.403506,14.087909,STAR
161.13556489,6.88453254,19.420341,18.870941,18.319891,17.97257,17.782942,GALAXY
156.1559773,5.56118963,17.465536,16.120245,15.686069,15.537198,15.472501,STAR
156.65974136,6.24779209,17.683701,16.625927,16.292459,16.168419,16.15465,STAR
156.33470573,5.929943,17.800426,16.002254,15.157815,14.72994,14.400517,GALAXY
156.44354469,5.65189719,17.176367,16.302147,15.978992,15.871155,15.898405,GALAXY
156.35796505,5.53436611,17.965563,16.678951,16.053715,15.730261,15.51007,GALAXY
156.44260307,5.50547581,19.382883,17.82423,17.030199,16.571756,16.277225,GALAXY
160.98548888,7.21562451,18.620792,18.359619,17.902798,17.51619,17.372496,QSO
161.01815382,6.86653816,18.892345,17.823709,17.448864,17.255932,17.228493,GALAXY
159.50773983,6.78515738,17.948622,16.305679,15.425723,14.911896,14.499254,GALAXY
158.919961,7.45466346,18.878637,18.397947,18.215538,18.175982,18.2143,STAR
158.93430866,7.40991423,18.905701,17.467802,16.840118,16.456335,16.225182,GALAXY
158.85180618,7.5465205,17.622427,15.533274,14.562989,14.076433,13.720713,GALAXY
158.9357245,6.77597703,19.243296,19.090166,19.068411,18.839924,18.79084,QSO
158.68813752,7.48527754,19.020144,17.726261,17.278551,16.967747,16.825716,GALAXY
336.23282508,39.32720135,18.529604,17.262476,17.207443,17.221954,17.259016,STAR
336.42322351,39.14469805,17.574865,15.631865,14.76814,14.409251,14.209782,STAR
336.23680397,38.99066163,17.350008,15.489746,14.819359,14.60638,14.504163,STAR
336.1319322,39.39980998,18.753033,17.189253,16.528717,16.257704,16.118052,STAR
336.07081258,39.15458734,17.619524,16.383587,15.940296,15.761143,15.717714,STAR
336.09638366,39.24347604,19.183012,17.449768,16.834499,16.6262,16.536875,STAR
336.06843676,39.02480669,18.320202,17.080105,17.059313,17.06781,17.129677,STAR
335.65103636,38.66195116,18.164875,16.977116,16.815434,16.778013,16.830414,STAR
335.75884738,38.68906419,18.899284,17.67222,17.544388,17.568283,17.539913,STAR
335.71131906,38.07472717,19.324379,18.283228,18.008316,17.903673,17.896519,STAR
156.77865179,6.05923741,19.076656,17.433109,16.691319,16.233755,15.863151,GALAXY
156.35123639,5.76206306,18.612206,16.655329,15.720477,15.28441,14.931305,GALAXY
156.91370856,6.00628523,18.581179,18.115334,17.952963,17.627043,17.79965,GALAXY
156.8579726,6.08497002,19.26391,19.13644,18.731289,18.699808,18.766956,QSO
335.58103001,38.35890764,19.164812,18.163815,17.767382,17.619938,17.522205,STAR
335.7770725,38.01568318,19.29937,17.90057,17.455559,17.312439,17.265213,STAR
335.90792802,37.97755466,18.877546,17.349968,16.715273,16.44051,16.323702,STAR
336.63974473,39.24109271,17.368536,16.06094,15.86447,15.817787,15.822327,STAR
336.49405418,39.31188037,17.12545,15.61101,14.911234,14.613926,14.462069,STAR
336.45266474,39.24556249,16.446192,15.212923,14.909836,14.823212,14.798373,STAR
336.63440821,39.1427735,19.32806,17.59395,16.871901,16.610653,16.453236,STAR
336.51800568,39.24410544,18.692019,17.049856,16.390539,16.130297,15.986939,STAR
336.49418255,39.07832689,16.713165,15.368119,14.865161,14.690931,14.628626,STAR
336.64820235,39.25999751,16.93589,15.760902,15.528243,15.458872,15.465212,STAR
159.47768969,6.97611952,18.637177,18.316633,18.37686,18.185627,18.289444,QSO
161.20338694,7.6579468,18.38456,18.371244,18.199171,17.796513,17.862436,QSO
160.94894961,7.28870013,19.40799,17.847906,17.040483,16.567131,16.264406,GALAXY
161.30811979,7.32481803,19.329306,18.025967,17.535595,17.211723,16.996387,GALAXY
161.19237411,7.11430427,18.368597,18.194942,17.944593,17.976801,18.061623,QSO
161.0457,7.53136036,19.549179,18.285074,17.67881,17.296968,17.076002,GALAXY
159.56223925,6.80204669,18.218643,17.050745,16.516224,16.138962,15.923681,GALAXY
159.42734809,7.08750247,19.139559,17.167118,16.224001,15.743546,15.280947,GALAXY
158.83462755,7.48588256,17.916107,16.904596,16.590649,16.470415,16.432928,STAR
158.60564147,7.38951318,19.243189,18.944633,19.22748,19.499987,19.752136,STAR
207.58812528,34.01957947,18.006014,17.124846,16.857346,16.776499,16.764095,STAR
336.12801171,39.27312316,19.332411,17.475853,16.680477,16.36574,16.188055,STAR
336.35643628,39.2799424,18.829395,17.65519,17.22031,17.017122,16.953281,STAR
335.94400841,39.14682641,17.768267,16.579517,16.174595,16.029032,15.973357,STAR
336.05893818,38.77668859,19.22205,17.651163,17.022173,16.83852,16.728491,STAR
336.38041635,39.02273841,19.141813,17.500605,16.856867,16.64682,16.528072,STAR
335.59002159,38.63585241,18.880268,16.903969,16.089846,15.778664,15.591154,STAR
161.13237541,7.14474404,17.702219,17.453684,17.456484,17.367878,17.432539,QSO
156.71346188,6.29214195,18.912237,17.632174,16.930782,16.54558,16.287241,GALAXY
156.70525044,6.1982622,19.064537,17.646383,16.967913,16.580996,16.245842,GALAXY
161.48723556,7.45407837,19.207632,19.116991,19.015917,18.895397,18.925348,QSO
156.38489938,5.41602081,18.274984,16.428122,15.462117,14.991706,14.558095,GALAXY
161.47444678,7.61906696,18.744022,18.86344,19.237825,19.60578,19.839722,STAR
157.05522086,6.06575991,18.48933,17.237982,16.724655,16.367842,16.142031,GALAXY
161.60068156,7.43522386,19.070873,17.811234,17.247442,16.957703,16.812716,GALAXY
156.89586215,6.40608497,19.284687,17.764545,16.977043,16.599129,16.313839,GALAXY
335.93338863,37.97678855,18.517801,16.976313,16.235886,15.837145,15.663068,STAR
335.60938807,38.19917931,17.939585,16.715094,16.167862,15.942323,15.826057,STAR
336.58757293,38.82411698,18.785244,17.313065,16.723814,16.509533,16.398886,STAR
336.68114812,39.28434051,18.111467,16.217419,15.445285,15.157114,15.005274,STAR
336.67417116,39.40848835,18.775095,17.204449,16.606611,16.393738,16.301128,STAR
336.68563801,38.72212749,19.035797,17.903858,17.50173,17.321363,17.261986,STAR
336.72200459,39.16943649,17.456047,16.147913,16.104395,16.148935,16.194271,STAR
159.47279371,7.42564398,19.415159,18.211933,18.215256,18.22683,18.255291,STAR
161.12083448,7.50812948,18.077375,17.579611,17.5123,17.448629,17.386707,GALAXY
159.58820667,6.86532102,19.530073,17.973892,17.184893,16.763594,16.45298,GALAXY
161.47106219,6.97353392,17.8426,16.395397,15.765341,15.398521,15.153914,GALAXY
159.3966127,7.13125641,18.582752,17.01857,16.236761,15.799119,15.481525,GALAXY
336.26610871,38.73587282,18.69409,17.494761,17.079233,16.900145,16.861753,STAR
335.97796275,39.32593989,18.391781,17.068405,16.484922,16.236504,16.131857,STAR
161.18876973,7.99869654,18.404364,17.230316,16.907072,16.797199,16.693188,GALAXY
161.32298962,7.60198254,18.876171,17.833975,17.47913,17.178703,17.084906,GALAXY
335.66367185,38.22545985,17.827774,16.28187,15.591451,15.321483,15.177165,STAR
161.18197165,7.78943042,17.106636,15.951308,15.358953,15.048778,14.787077,GALAXY
161.04222681,7.38489732,19.117254,18.667316,18.239832,18.16869,18.181551,QSO
161.58051794,7.24787004,19.58658,18.285969,17.605593,17.304501,17.096605,GALAXY
161.62382059,6.91552749,18.504974,17.566151,17.194181,16.85342,16.79455,GALAXY
159.56482875,6.7690705,19.288919,18.149361,17.641329,17.359777,17.169687,GALAXY
159.54309925,6.77583763,18.908089,16.924496,15.991247,15.568487,15.20826,GALAXY
159.33192436,7.59854477,19.300632,18.977705,18.74711,18.461666,18.128759,QSO
28.15313707,5.0718574,17.35182,16.386013,16.034382,15.898054,15.857354,STAR
336.25939029,38.82639069,19.52076,18.309418,17.880447,17.701307,17.654005,STAR
161.32350297,7.8139357,17.802465,15.992732,15.177286,14.762007,14.455235,GALAXY
336.7252928,39.04215841,15.907399,14.627022,14.678308,14.783763,14.853843,STAR
331.77235638,12.31460236,18.585806,17.093344,16.361691,15.897804,15.584172,GALAXY
159.98465617,25.90395546,19.127907,17.867184,17.331217,16.987062,16.784094,GALAXY
161.225397,7.83963584,18.645348,18.452448,18.319386,17.995953,17.869879,QSO
160.13679265,25.55116571,18.191275,16.79892,16.13336,15.744461,15.511528,GALAXY
335.95806156,39.1589988,15.712483,14.421443,14.39609,14.443707,14.510791,STAR
158.06345489,26.33218552,19.052303,18.924978,18.791725,18.8848,18.867449,QSO
158.53767543,26.67820665,19.017841,17.626514,16.873058,16.441942,16.159931,GALAXY
336.6860947,39.0205936,15.251747,15.554219,16.009724,16.350525,16.659235,STAR
331.79642567,12.42664137,19.46246,18.018553,17.478004,17.140329,17.058142,GALAXY
159.58993628,7.03319074,18.457905,17.303257,16.815422,16.579878,16.525246,GALAXY
331.6842112,12.36099171,19.34325,17.832529,17.073612,16.68429,16.417479,GALAXY
160.09237708,26.11041423,19.436298,18.984648,19.04077,19.123888,19.20203,STAR
160.27022131,25.28457137,19.414654,18.049984,17.358122,17.02639,16.779615,GALAXY
160.24331662,25.79706,19.258564,17.180655,16.195791,15.782207,15.426178,GALAXY
160.08020803,25.63517523,19.238075,19.041718,18.978609,18.703075,18.666502,QSO
160.40121227,25.66960559,18.761806,16.857937,16.02269,15.63348,15.324692,GALAXY
332.52866791,12.35995808,19.345018,18.052855,17.504898,17.199699,16.983097,GALAXY
332.75633012,12.37431896,17.657867,15.656826,14.682121,14.248353,13.920821,GALAXY
331.83189818,12.34704379,18.1001,17.905527,17.650816,17.541851,17.500475,QSO
331.95199466,12.43105084,19.083988,17.956614,17.188271,16.785473,16.558352,GALAXY
160.10046935,25.79539854,19.029696,17.714846,17.16995,16.853544,16.678772,GALAXY
158.03507724,26.23552726,19.159836,17.901745,17.187265,16.752779,16.522068,GALAXY
158.42282382,26.48512348,18.798172,17.460306,16.911446,16.594358,16.409517,GALAXY
332.06156198,12.49240958,18.626471,17.669125,17.135942,17.250944,16.682106,STAR
158.2295525,26.30512795,19.006893,18.806744,18.511349,18.440527,18.428772,QSO
158.4418715,26.55931941,19.440086,17.617043,16.767452,16.357943,16.063015,GALAXY
161.38583259,7.83883598,18.091873,16.95676,16.538931,16.412931,16.393904,STAR
158.40268369,26.5163541,19.377947,18.112343,17.604628,17.250378,17.078671,GALAXY
158.67529776,26.85234128,19.374146,17.899784,17.10984,16.705238,16.403093,GALAXY
335.5936154,38.23666214,19.452202,17.931318,17.299042,17.063162,16.956251,STAR
158.61454637,26.83817865,18.712433,17.786951,17.607239,17.386806,17.368261,GALAXY
158.72051745,26.80296174,18.474739,16.601803,15.735177,15.306805,14.999852,GALAXY
158.68849358,26.77661902,18.202902,17.109138,16.655584,16.377657,16.158459,GALAXY
336.7099211,38.94564468,18.000589,16.854048,16.479616,16.35623,16.305824,STAR
158.66626718,26.80424171,17.948751,16.813583,16.377869,16.067448,15.883628,GALAXY
158.64095423,26.83999288,19.272984,18.270958,17.773022,17.406002,17.301622,GALAXY
161.52098926,7.27798638,19.018242,18.003073,17.715555,17.573833,17.539673,STAR
158.80562331,26.91579596,19.16193,17.902832,17.452253,17.139557,16.989853,GALAXY
332.19073358,11.93475641,17.807577,16.175526,15.775485,15.478025,15.571671,STAR
332.04186639,11.98720632,17.138992,17.196478,17.618439,17.905355,18.17355,STAR
160.50945255,25.46375842,19.001141,18.57197,18.696976,18.639303,18.851175,QSO
332.5707441,12.37051989,19.196827,18.774427,18.894012,18.915583,18.752384,QSO
160.07100663,25.24614787,19.011465,18.380262,18.250772,18.156818,18.014446,GALAXY
332.59097552,12.51440722,19.26202,18.002937,17.370537,16.940117,16.821239,GALAXY
160.34331034,25.61400465,18.581184,16.88381,16.040094,15.606617,15.264303,GALAXY
332.58206855,12.47516006,19.183727,17.335775,16.299644,15.80672,15.418599,GALAXY
160.14465303,25.45814762,19.215288,18.990608,18.777739,18.749245,18.887999,QSO
331.81620754,12.18341162,19.440279,19.264137,18.515453,18.167503,17.58762,QSO
332.26759186,12.18085206,19.203684,17.815971,16.734207,16.229036,15.884492,GALAXY
332.41128196,12.20880387,18.540668,17.221575,16.536116,16.173124,15.95934,GALAXY
332.20413824,12.36241299,17.721916,17.674915,17.195375,16.767553,16.470413,STAR
331.36466016,12.01112671,19.394878,18.202158,17.701385,17.48966,17.385548,STAR
332.39519239,12.39348817,17.102501,17.167158,17.474024,17.680784,17.90774,STAR
160.55977364,25.32677667,19.52363,17.673887,16.60623,16.171793,15.790067,GALAXY
160.26409117,25.41285228,17.650122,15.717289,14.835955,14.435875,14.134748,GALAXY
160.26891802,25.43221503,18.34507,16.465467,15.615807,15.235094,14.992538,GALAXY
160.24795447,25.23427744,19.260576,17.9298,17.268929,16.932484,16.650837,GALAXY
331.87489022,12.5830041,18.625671,17.886152,17.705694,17.583549,17.437649,GALAXY
160.38409515,25.16496883,18.660805,17.427267,16.801785,16.47509,16.224022,GALAXY
158.77546447,26.9126201,18.800367,17.058332,16.239799,15.845396,15.53965,GALAXY
335.76895867,38.31530994,18.417833,16.63195,15.984332,15.775403,15.673402,STAR
335.68094181,38.35287495,15.649778,14.427792,14.063533,13.954924,13.935462,STAR
331.98409072,12.57328256,19.384729,18.048956,17.353125,16.914835,16.62005,GALAXY
332.08471102,12.48650918,19.440376,18.228212,17.355255,16.934704,16.580978,GALAXY
161.60002627,7.6063737,18.605402,17.214361,16.477297,16.071907,15.79606,GALAXY
29.97301898,6.88124369,19.374163,18.436224,18.106924,17.98069,18.00696,STAR
161.22179922,7.77865035,19.375704,17.979126,17.174191,16.770262,16.51823,GALAXY
161.38748254,7.7666007,18.400597,18.253859,18.050705,18.085821,18.080349,QSO
331.80666464,12.50324723,19.450201,18.155722,17.37974,16.922062,16.518984,GALAXY
161.59860713,7.58461356,17.289576,15.358984,14.469254,14.058702,13.754121,GALAXY
161.12934577,7.64841387,18.850542,17.73938,17.332954,17.044678,16.939081,GALAXY
332.43260588,12.20765081,18.862528,17.877684,17.387024,17.053307,16.853313,GALAXY
335.66783954,38.25400433,19.209913,18.246159,17.881664,17.714977,17.643524,STAR
331.92336815,12.04063242,19.573719,18.359591,17.494434,17.053015,16.96121,GALAXY
332.80097425,12.16899198,19.25349,17.483196,16.416697,15.947163,15.55865,GALAXY
161.11164312,7.46526535,19.293737,19.196196,19.0009,18.84594,18.870667,QSO
332.80674118,12.11441377,18.312025,16.473698,15.560918,15.117968,14.761656,GALAXY
232.32511485,32.81162057,17.941095,17.747326,17.441738,17.116812,17.053099,QSO
331.56600549,11.80248253,18.302996,16.744072,15.918541,15.473456,15.157803,GALAXY
231.8492488,33.25440977,19.269787,18.35564,18.031561,17.898806,17.844212,STAR
332.02202749,12.29211049,19.519152,18.285358,17.675413,17.287155,17.11956,GALAXY
231.87956608,33.20198024,19.223141,17.215019,16.299667,15.867427,15.530208,GALAXY
160.85120653,7.09959123,17.778843,16.502058,15.916575,15.545722,15.331764,GALAXY
158.69448058,27.06562891,19.335793,19.128292,19.117998,19.295362,19.069582,QSO
161.15268296,7.95283534,18.857048,18.258265,18.110523,17.855558,17.86228,QSO
161.07247625,7.9543055,17.73127,15.895583,15.033568,14.627204,14.316085,GALAXY
231.8843153,32.74416624,19.39535,18.481853,18.211878,18.10117,18.077648,STAR
161.07082601,7.68483174,19.314827,18.269705,17.869328,17.574663,17.460207,GALAXY
208.574606,33.81661739,18.760405,18.156565,18.033123,17.986904,17.736887,QSO
160.32307014,6.80858068,19.140617,17.911428,17.358595,16.99848,16.786512,GALAXY
160.29065247,6.82005826,17.121716,15.490527,14.629221,14.121193,13.708464,GALAXY
160.41123574,6.78788744,19.183365,18.015856,17.735895,17.62587,17.6175,STAR
160.73994896,7.81403368,18.811241,17.760145,17.497562,17.31661,17.174017,QSO
160.80322217,7.95377458,18.876043,17.548363,16.969606,16.584507,16.365158,GALAXY
160.86703369,7.75377702,19.214346,17.309362,16.326096,15.907247,15.561853,GALAXY
160.74178949,7.03384248,18.874125,18.085892,17.876154,17.731768,17.557001,GALAXY
160.64628427,7.19820153,19.276438,19.011333,18.989126,19.008614,18.978271,QSO
160.87776543,6.97779882,19.009993,17.955606,17.48419,17.25778,17.213072,GALAXY
160.78903836,7.01550153,19.424299,18.19611,17.394577,16.977425,16.697124,GALAXY
331.66637939,11.62977583,17.868462,16.545116,15.900715,15.505785,15.261511,GALAXY
208.11854853,34.48515767,17.260073,17.202229,17.409258,17.576891,17.806143,QSO
161.03193673,7.44054241,19.168663,18.124815,17.663134,17.354904,17.268497,GALAXY
160.61312212,6.8569583,19.162693,17.80673,17.127529,16.752182,16.513636,GALAXY
331.91030179,11.7562907,19.546104,17.419247,16.279648,15.794812,15.409493,GALAXY
332.20070149,11.81197924,19.115194,17.727686,17.052208,16.646643,16.339483,GALAXY
142.90336451,35.5040842,18.661493,17.752094,17.525152,17.353539,17.376484,QSO
160.3204344,6.83986357,19.474445,18.085915,17.293659,16.823223,16.537907,GALAXY
160.38771952,6.94952766,18.528925,17.37339,16.962921,16.808756,16.759281,STAR
160.79043723,7.88830324,19.564785,19.309534,18.947729,18.862925,18.928032,QSO
160.88222316,7.84582746,19.532797,18.161289,17.227646,16.760933,16.440119,GALAXY
160.88082792,7.81365894,18.856113,18.805862,18.696499,18.518356,18.344852,QSO
143.11664318,35.68817315,18.654121,17.693407,17.366518,17.162727,17.138748,GALAXY
161.07230673,7.71130366,18.028845,16.922142,16.460878,16.142839,15.96788,GALAXY
149.78619575,2.90667424,18.864687,18.619461,18.565134,18.378983,18.359634,QSO
149.66251832,2.95705754,18.889271,17.925964,17.581839,17.263336,17.159578,GALAXY
149.6945096,2.93150878,18.333006,17.339077,16.944527,16.795467,16.750765,STAR
142.95888584,36.39163083,19.156961,17.078501,16.147827,15.702625,15.400407,GALAXY
149.70279196,2.87868232,18.515446,17.378147,16.66066,16.232798,15.972275,QSO
142.80380195,36.79701053,19.369961,19.256224,18.914928,18.87052,19.105473,QSO
150.09560224,2.22013893,18.982298,18.508923,18.267023,18.021669,17.969341,GALAXY
142.76670118,36.00104512,19.194717,18.113194,17.54505,17.183708,16.972479,GALAXY
150.20032944,2.20970366,18.647936,16.746239,16.064907,15.961205,15.619309,STAR
331.60251125,11.67189972,19.112129,17.818508,17.28949,16.947489,16.779936,GALAXY
142.77224814,36.16685401,17.327812,16.419191,16.134027,16.034811,16.005383,STAR
142.90598595,35.65896427,18.16394,16.596674,15.950906,15.642647,15.406139,GALAXY
149.99536745,3.03989476,18.788025,17.476259,16.869581,16.336746,16.163046,GALAXY
143.12404835,36.90488027,19.289701,17.835615,17.074356,16.591509,16.280722,GALAXY
160.95261034,7.99937569,18.107086,17.05164,16.643902,16.492838,16.453484,STAR
160.60577417,7.41825726,18.488129,17.260191,16.824001,16.660551,16.627632,STAR
143.18985564,35.70056012,18.82066,16.742531,15.76295,15.32452,15.01496,GALAXY
143.16460318,35.8267044,18.927015,16.906471,15.945475,15.507147,15.144616,GALAXY
161.11695152,7.70982708,19.306799,17.719702,17.217056,16.883003,16.623093,GALAXY
142.97956898,35.55432762,16.887232,14.938827,14.001909,13.518825,13.195447,GALAXY
142.70140742,36.85208341,17.778517,16.967302,16.76449,16.595636,16.520708,GALAXY
160.54719365,7.71420387,18.35639,16.863445,16.145855,15.723353,15.452191,GALAXY
142.92990001,35.97413073,19.027491,17.978083,17.569866,17.305984,17.237341,GALAXY
149.83401147,3.02393849,18.612333,17.272739,16.640823,16.280609,16.009293,GALAXY
149.6863655,2.04708614,19.074024,17.628164,16.774012,16.305519,15.977386,GALAXY
149.83040571,2.99982136,18.703154,17.617495,17.255394,16.950548,16.836279,GALAXY
142.9895329,36.82194299,18.652742,16.740511,15.831395,15.360229,15.000156,GALAXY
142.91162803,36.24498608,17.334141,16.287214,15.897529,15.715531,15.561842,GALAXY
150.20700585,2.37139973,19.536636,19.30806,19.654312,19.947701,20.120632,STAR
149.92913338,2.87106076,18.599697,16.937359,16.084366,15.669613,15.346581,GALAXY
149.89269188,2.96058349,18.769575,18.283909,18.140804,18.10985,18.212208,STAR
138.16680274,25.07725998,18.653851,17.282099,16.595715,16.216179,15.954593,GALAXY
149.86083862,3.00168684,19.301632,18.173817,17.619204,17.33577,17.175827,GALAXY
138.22523077,25.10873117,17.543627,16.445982,16.075512,15.94394,15.894017,STAR
138.2524955,25.07958588,19.01899,18.363319,18.278749,18.229591,18.01115,QSO
143.27463414,36.90369434,18.818314,17.845934,17.449627,17.188595,17.071102,GALAXY
143.07719306,35.9471227,18.661299,17.473106,17.021597,16.819296,16.665762,GALAXY
138.48113478,24.76453809,18.598871,17.359058,16.85907,16.569988,16.353281,GALAXY
143.12216303,36.2325912,19.49,17.467363,16.518282,16.08696,15.743393,GALAXY
149.90795067,3.05727356,19.343115,17.646738,16.68268,16.262224,15.90967,GALAXY
138.48817674,25.13720022,19.33477,18.22007,17.212078,16.705643,16.467243,GALAXY
150.01334811,2.02956392,19.117573,16.824913,16.050089,15.580535,15.270831,GALAXY
150.18595219,2.4745592,17.216463,15.998902,15.731564,15.615775,15.594501,STAR
138.46907618,25.48521966,19.532524,19.043087,18.863884,18.855478,18.815729,STAR
221.25848851,5.2008752,19.539648,17.855988,16.86422,16.445095,16.09642,GALAXY
138.63920607,25.90344134,18.625757,17.294195,16.79163,16.474077,16.377131,GALAXY
142.67204017,36.53142587,19.433039,19.062346,18.635256,18.274334,18.196251,QSO
150.08409341,2.57644191,18.205849,16.245647,16.630184,15.177472,14.927464,STAR
138.28038688,24.69281709,18.923262,17.78616,17.334988,17.088301,16.906578,GALAXY
138.23818278,25.41806603,19.337961,19.05826,18.886822,18.992191,19.036188,QSO
221.4649258,6.05620069,19.448511,18.552801,17.918077,17.559223,17.296438,GALAXY
221.12220886,5.17624225,18.115692,16.981722,16.599432,16.42465,16.200535,GALAXY
163.36540497,7.13850646,19.511431,18.295364,17.647545,17.210943,16.861977,GALAXY
213.25026106,33.570721,18.888906,17.984594,17.708952,17.631926,17.60132,STAR
138.45660014,25.17128006,19.422247,18.116898,17.556292,17.199177,16.990696,GALAXY
138.29929867,24.68939551,17.227816,15.756469,15.003897,14.583419,14.297992,GALAXY
163.4387934,7.67125079,18.704268,16.336071,15.284219,14.944884,14.803685,STAR
138.34256427,25.75408644,18.732124,18.813816,19.069109,19.287949,19.437698,STAR
220.98745947,5.94630783,18.858454,17.541473,16.745663,16.339237,16.002659,GALAXY
221.04625537,6.0218789,17.458683,16.418125,15.963024,15.664227,15.43239,GALAXY
220.74146991,5.13671422,17.07276,15.488494,14.715199,14.290248,13.924061,GALAXY
150.19392578,2.55126072,19.581135,18.30361,17.697351,17.314602,17.098612,GALAXY
163.24559427,7.92568743,18.627743,17.56295,17.216955,16.966644,16.807615,GALAXY
161.0312326,7.70634012,18.938097,17.176865,16.372591,16.000389,15.711015,GALAXY
163.12964469,7.22489907,15.396787,14.179088,13.566888,13.24012,13.005623,GALAXY
221.17300217,5.05422216,19.564377,19.376345,19.074755,18.687122,18.792633,QSO
221.00247277,5.08016399,19.454247,17.698711,16.888617,16.426554,16.0748,GALAXY
221.24561328,5.21954496,18.513931,17.335943,16.850256,16.541471,16.366398,GALAXY
149.63933983,3.05612416,18.838612,17.508251,16.936543,16.611078,16.46055,GALAXY
220.87889126,5.71745397,19.360025,17.710405,16.844204,16.398685,16.086491,GALAXY
221.02169667,5.99066026,19.398165,18.113508,17.462263,17.082796,16.869844,GALAXY
163.32382744,7.19456796,18.212908,16.817085,16.178743,15.786074,15.525912,GALAXY
161.02819627,7.82558752,19.24445,18.82235,18.402689,18.286028,18.308065,QSO
138.34470009,25.80083161,16.963316,15.705967,15.837808,15.965784,16.034178,STAR
150.05437077,1.99962458,19.409218,17.557961,16.311188,15.80745,15.718899,GALAXY
163.60887683,7.14272369,17.305954,15.257437,14.351131,13.951697,13.614565,GALAXY
220.66350282,5.35099819,17.568905,15.979503,15.280102,14.851952,14.657645,GALAXY
220.60639702,5.37101914,18.600496,17.414822,16.975006,16.838261,16.795765,GALAXY
163.87203158,7.5432864,18.533075,17.316891,16.772497,16.353411,16.121365,GALAXY
163.62530284,7.65148075,19.3909,17.883276,17.099148,16.693281,16.367849,GALAXY
163.79228208,7.68456797,17.441519,15.734272,14.981066,14.594429,14.331714,GALAXY
220.79809627,5.78015446,18.700035,17.207287,16.44137,16.014505,15.708237,GALAXY
163.48902554,7.86095411,19.210777,18.012575,17.527916,17.204777,17.019709,GALAXY
163.90661768,7.42959599,18.584167,17.334446,16.790321,16.424309,16.218521,GALAXY
323.26067195,10.90400124,17.971207,17.015652,16.703594,16.555523,16.49682,STAR
182.20514438,-0.8872914,19.226526,18.230675,17.93891,17.857355,17.84008,STAR
220.67000048,5.40646549,18.384195,17.267054,16.569267,15.942509,15.79613,QSO
163.64405812,7.16187561,18.278933,16.745066,16.157364,15.805084,15.587695,GALAXY
340.38297005,13.27907631,16.703474,16.975325,17.430422,17.758047,18.097857,STAR
340.43127813,12.9648634,19.385141,17.818861,16.93339,16.513323,16.188068,GALAXY
221.07617742,6.02314518,18.767406,16.866003,15.802705,15.351115,14.960764,GALAXY
221.12183081,4.74474089,17.649477,15.775241,14.729336,14.248138,13.873989,GALAXY
323.09699372,10.06795044,17.670694,16.602329,16.120434,15.913774,15.830439,STAR
323.01477847,10.43749435,19.191221,17.712914,17.124752,16.9128,16.814018,STAR
163.5845946,7.75470228,19.042934,17.90406,17.496719,17.26837,17.127975,GALAXY
163.62454838,7.33515757,19.28019,18.110189,17.630489,17.278072,17.182535,GALAXY
323.02767231,10.60603918,18.815588,17.753096,17.656412,17.628389,17.662426,STAR
323.13218259,10.87903954,16.665104,14.83794,14.22874,14.046848,13.964841,STAR
221.09344166,4.81298602,19.40605,18.466625,18.157848,18.049377,18.000681,STAR
323.87502639,11.20432394,19.391333,18.042692,17.380295,17.161139,17.031034,STAR
149.69898322,2.758688,18.410185,17.436768,17.067835,16.781233,16.69714,GALAXY
322.98355961,10.89969225,18.027565,17.053978,16.700857,16.560698,16.520384,STAR
323.55994613,10.92250796,18.858919,17.295153,16.693682,16.473255,16.380816,STAR
322.69881849,10.55067307,18.604153,17.642899,17.334227,17.210083,17.181503,STAR
323.62058945,10.73715425,19.275002,17.947409,17.408251,17.201324,17.070902,STAR
323.81082197,10.90584835,19.560308,18.00832,17.437408,17.207079,17.073952,STAR
322.69349181,10.40779677,19.57823,18.366474,17.996065,17.795717,17.781965,STAR
340.27974054,12.45311578,19.186544,18.029409,17.543793,17.21274,17.010517,GALAXY
322.63098624,10.37931234,17.297787,15.937263,15.362739,15.101673,14.954022,STAR
323.1561837,10.05700879,18.776785,17.842943,17.519451,17.394032,17.320139,STAR
323.49177557,10.32395465,18.48856,17.495049,17.190237,17.052498,16.995602,STAR
323.06559737,10.48300722,17.408186,16.093191,16.113129,16.145021,16.164009,STAR
323.50644386,10.42341295,18.372829,17.029064,16.468716,16.211378,16.081558,STAR
323.02484095,10.72178797,18.252029,17.264099,16.909019,16.75469,16.67996,STAR
324.07747083,11.07318111,17.968155,16.396275,15.792298,15.564338,15.448642,STAR
324.0385133,11.13360437,18.703411,17.014582,16.404366,16.189884,16.096277,STAR
138.42246615,24.89600588,18.541063,17.41638,16.858732,16.471071,16.29215,GALAXY
322.71007213,10.95396114,18.611622,17.313095,17.368849,17.445072,17.43404,STAR
322.83380892,10.94026761,18.688354,17.441122,16.888071,16.642248,16.51281,STAR
220.97623812,5.73721708,18.854643,16.833961,16.15659,15.780451,15.465103,GALAXY
322.46065754,10.74099058,15.727408,14.745087,14.432808,14.297311,14.254544,STAR
323.29363876,11.05789912,19.526299,18.206356,17.657902,17.433741,17.313957,STAR
323.16991009,10.15845458,19.219189,17.85462,17.298098,17.076271,16.987331,STAR
323.19071658,10.14744106,18.008373,16.439608,15.882441,15.689692,15.616958,STAR
323.24357062,10.36710539,16.863644,15.343472,14.741583,14.506779,14.551446,STAR
323.21595559,10.14047126,15.741807,14.84468,14.535402,14.405128,14.373716,STAR
323.0965683,11.03065848,19.187759,17.757193,17.160385,16.937834,16.808889,STAR
340.36707683,12.8870145,19.00201,17.711817,17.096798,16.653498,16.409904,GALAXY
340.37220164,13.15356864,18.62483,17.077459,16.405939,16.031467,15.725515,GALAXY
220.76241853,5.34885191,19.374664,18.106157,17.2593,16.824354,16.513176,GALAXY
323.24583541,10.18238978,18.313118,17.378162,17.103281,16.988163,16.971909,STAR
323.38105488,10.52963871,19.057657,17.759098,17.736593,17.763323,17.746201,STAR
322.54749014,10.42818943,19.020851,17.928099,17.678467,17.600285,17.619465,STAR
322.89576888,10.15517975,17.579393,16.065897,15.523449,15.346169,15.267411,STAR
322.49722119,10.86398412,18.934631,17.463404,16.867638,16.634193,16.517691,STAR
323.72987708,11.06534201,19.391865,17.845913,17.233784,16.997387,16.876297,STAR
324.14585471,11.38229657,17.659283,16.087978,15.489643,15.287961,15.182593,STAR
221.54664077,6.01701601,18.974777,16.478975,14.853239,14.086804,12.847835,STAR
322.86154408,10.30363476,18.05409,16.572018,16.018719,15.833519,15.738452,STAR
322.7070994,10.79793826,19.265987,17.829378,17.236536,16.998598,16.841755,STAR
322.89376279,10.03942506,17.934978,16.045691,15.230925,14.932224,14.772208,STAR
322.13365607,10.87584243,19.140631,17.405848,16.810127,16.626741,16.546413,STAR
340.12173231,12.436527,19.142208,17.777098,17.050714,16.605623,16.346167,GALAXY
221.17008569,4.73831773,19.191269,17.924555,17.337236,16.975948,16.742085,GALAXY
322.96247578,10.4822799,16.306664,15.192582,15.139978,15.148661,15.245479,STAR
323.87474213,11.15311605,19.416977,17.803478,17.184767,16.952091,16.792349,STAR
322.95053996,10.86072672,18.169012,16.592978,15.980721,15.748914,15.643408,STAR
324.01514632,11.06687155,19.108162,18.11727,17.694752,17.49626,17.457525,STAR
322.84585441,10.38296955,19.127613,17.736132,17.157984,16.93399,16.820589,STAR
323.90017635,11.25351905,19.463974,17.914923,17.331146,17.135092,17.011465,STAR
163.95439037,7.24558121,18.059099,16.991238,16.464909,16.088474,15.882046,GALAXY
340.50064924,13.47952365,18.939695,17.459791,16.743467,16.36997,16.100306,GALAXY
322.23911818,10.8117623,17.870344,16.304867,15.724916,15.499517,15.391227,STAR
323.68317061,10.48924606,18.085865,16.866764,16.5734,16.441231,16.385883,STAR
322.89902314,10.06148099,19.009783,17.409061,16.819901,16.638264,16.518131,STAR
322.96856471,10.01613886,18.699905,17.326128,16.69346,16.416491,16.279615,STAR
321.98765286,10.77989074,18.466879,16.890984,16.2967,16.069746,15.950599,STAR
323.02970426,10.76633497,18.613235,16.264616,15.329225,14.99463,14.808358,STAR
323.9937527,11.40184248,19.170446,18.181711,17.771109,17.605719,17.540705,STAR
149.7824111,2.70368261,18.030123,16.51754,15.832355,15.482623,15.278404,GALAXY
321.86280054,10.91990526,19.381975,18.029671,17.442266,17.216312,17.12632,STAR
149.6418693,2.74087998,19.341267,19.305573,19.327587,19.106733,19.172279,QSO
323.26261641,10.15341232,17.504614,16.466228,16.276705,16.218781,16.24461,STAR
322.57653332,10.34530252,18.960222,17.422297,16.841576,16.639299,16.535505,STAR
323.31761512,10.18705494,17.035427,16.099916,15.836266,15.72634,15.694698,STAR
323.28978664,10.51792841,19.330593,17.857674,17.317781,17.119473,17.029587,STAR
323.17979042,11.32959561,19.138269,17.981348,17.441753,17.203583,17.139681,STAR
322.44433401,10.17540145,17.250626,16.273815,15.949016,15.80701,15.766904,STAR
323.26303009,11.16172924,19.075853,17.480331,16.931965,16.752855,16.687471,STAR
322.53227941,9.99400447,19.349434,16.77355,15.426358,14.365764,13.811847,STAR
323.43884497,10.81349311,18.080545,16.488834,15.926663,15.758548,15.684587,STAR
322.56539725,10.1405223,18.945614,17.339603,16.775801,16.567848,16.461414,STAR
321.66314306,10.65565959,17.904882,16.736383,16.34795,16.201931,16.14299,STAR
323.51815556,10.56271668,15.76829,14.716845,14.979814,15.168584,15.289794,STAR
322.07487293,10.79136721,18.722816,17.449867,17.482574,17.515854,17.513151,STAR
323.89137588,10.71561871,17.688854,15.922237,15.310345,14.689111,15.057579,STAR
323.45982381,10.84347282,17.577797,15.920966,15.34306,15.162514,15.074876,STAR
322.10413833,11.07275814,19.006634,17.846542,17.28401,17.053806,16.89353,STAR
322.72525893,11.0869991,16.537273,15.489313,15.102072,14.947831,14.901171,STAR
321.99563476,11.04049316,17.155718,15.672878,15.054762,14.785382,14.643819,STAR
322.19475471,10.927287,18.879869,17.398554,16.821081,16.606384,16.497965,STAR
322.20040439,10.96274772,18.312403,16.679361,16.07682,15.863508,15.755323,STAR
322.15505408,10.85134802,19.281599,18.133678,17.583132,17.333393,17.253704,STAR
321.87380467,11.29041969,18.929121,17.671289,17.79493,17.706522,17.761457,STAR
322.71327456,11.15531236,17.057026,15.422506,14.798386,14.592451,14.508213,STAR
322.04320043,10.87145565,18.41202,17.12265,16.597435,16.378145,16.266832,STAR
220.93863712,5.42865632,17.493256,16.229015,16.183662,16.177467,16.187016,STAR
322.3559638,10.80798846,16.537741,15.479877,15.174224,15.059036,15.044427,STAR
323.15456487,10.02793906,19.546007,16.917606,15.696536,15.208869,14.945879,STAR
323.12621587,10.21496774,19.228918,16.704971,15.572594,15.130227,14.871713,STAR
323.47863982,10.13165871,16.800514,15.604377,15.506888,15.495669,15.546327,STAR
321.87014018,10.98267868,19.180305,17.756348,17.145025,16.892998,16.734573,STAR
323.07758195,10.23420496,18.919733,17.442749,16.80191,16.529091,16.377102,STAR
163.37988173,7.46189518,17.650677,17.056831,16.892426,16.841606,16.716227,GALAXY
322.90711904,10.13429289,19.048033,17.626574,17.05151,16.829556,16.730947,STAR
322.31456028,10.9134026,18.47069,16.990206,16.369324,16.147993,16.031918,STAR
323.81607347,10.45645293,18.738375,17.264383,16.744638,16.535751,16.445913,STAR
322.3109809,10.03250358,18.316355,15.850057,14.697778,14.228475,13.946186,STAR
220.98166923,5.50897147,19.535585,17.605982,16.565315,16.147558,15.747988,GALAXY
322.82293634,10.52939895,19.267859,17.702349,17.126762,16.933756,16.864676,STAR
138.30245108,25.45124022,19.355211,18.187958,17.486137,17.081491,16.846674,GALAXY
323.96202138,10.71071062,16.504723,14.954838,14.358368,14.125628,14.014794,STAR
323.94383345,10.74326947,16.973709,15.87451,15.613976,15.535246,15.531551,STAR
323.47621447,10.70920615,17.589041,16.550272,16.077375,15.883584,15.783587,STAR
322.20024965,10.56452007,18.471966,15.916647,14.629508,14.099735,13.804084,STAR
322.52123049,10.15000795,18.933954,17.344196,16.780008,16.592762,16.497778,STAR
322.35010649,10.04923962,19.036625,17.44504,16.89887,16.730995,16.63835,STAR
322.03658034,10.23433347,18.613327,17.584909,17.232832,17.073658,17.029802,STAR
322.17772286,10.17869998,17.19557,15.960047,16.134186,16.263895,16.32799,STAR
322.66746178,10.42466749,18.319826,17.373758,17.070068,16.941345,16.873634,STAR
322.77185235,10.29960554,19.002922,18.126408,17.85092,17.75856,17.700859,STAR
322.29064875,10.47604625,17.861023,16.945374,16.578524,16.417959,16.339012,STAR
323.53212033,10.14645634,19.029036,17.690228,17.076727,16.800278,16.636597,STAR
322.83808521,10.44302382,18.13938,15.78087,14.731753,14.350376,14.151486,STAR
321.58185517,11.2319865,19.079235,17.507629,16.762781,16.51897,16.207232,STAR
322.67308485,10.74981239,19.131786,16.912516,16.001339,15.665716,15.511377,STAR
321.76357951,10.80738531,16.957733,15.364825,14.786818,14.602077,14.507206,STAR
322.49125459,11.21384516,17.741806,16.728783,16.336702,16.164555,16.105078,STAR
321.7922252,11.04064231,17.120708,15.511791,14.935803,14.754121,14.652328,STAR
321.78797062,11.36397433,17.627514,16.301743,15.721945,15.475008,15.358145,STAR
322.46563114,10.72418063,18.05925,16.98567,16.51828,16.304605,16.204887,STAR
321.82152932,10.96927531,18.440527,16.428513,15.503722,15.103848,14.850088,STAR
323.18747703,10.06257912,19.532099,18.011438,17.430073,17.212725,17.114716,STAR
323.13509293,11.32208304,18.924662,17.896225,17.52504,17.414228,17.315763,STAR
322.79458763,11.35833805,18.26058,17.081278,16.576273,16.370237,16.271624,STAR
323.71777324,10.7270409,17.47208,16.461653,16.147287,16.056322,16.031525,STAR
321.7501761,10.68426476,18.894705,17.426674,16.900808,16.699617,16.603233,STAR
323.8436512,10.98059296,16.429964,14.829473,14.265352,14.062758,13.991838,STAR
322.58323005,11.1375465,18.668114,16.978178,16.3431,16.111115,15.993426,STAR
321.31937655,10.77720622,19.568281,17.198727,16.381351,16.129637,15.949813,GALAXY
322.0894221,11.03014167,18.561308,17.127829,16.480387,16.202524,16.048702,STAR
323.80459284,10.63675812,18.382971,17.372555,17.175077,17.113287,17.111105,STAR
322.18113032,10.99677905,18.381472,17.294874,17.122475,17.092476,17.066092,STAR
321.39121573,10.93714519,15.889919,14.920268,14.59267,14.466716,14.430522,STAR
322.41287148,11.03278895,16.339375,15.381498,15.077785,14.945877,14.917808,STAR
321.8882682,11.30187144,18.811054,17.334463,16.727695,16.489546,16.284773,STAR
321.99765935,11.14195043,19.565201,18.024044,17.275679,16.928236,16.752081,STAR
321.27192748,11.37117378,18.956339,17.742046,17.149246,16.89452,16.740345,GALAXY
322.15019133,11.20123588,18.239458,16.779997,16.136297,15.848385,15.700785,STAR
322.66400091,10.62879054,17.775179,16.304253,15.746636,15.542485,15.473341,STAR
322.39966584,11.21923166,19.030655,18.084917,17.762903,17.64035,17.560154,STAR
322.02558676,10.33454175,19.523191,17.861242,17.255093,17.015715,16.889385,STAR
322.11707553,10.23584038,18.65436,17.56658,17.370914,17.323048,17.287298,STAR
138.34863782,24.81175654,18.890131,17.701868,17.324593,17.054199,16.923538,GALAXY
322.30738818,10.4045403,18.605803,16.935719,16.341061,16.114761,15.996164,STAR
322.4426001,10.45710931,17.875198,16.308857,15.69208,15.462236,15.343539,STAR
138.16860249,24.79592891,18.19577,17.060688,16.633692,16.329535,16.119123,GALAXY
324.08093045,11.57554964,18.708963,16.948256,16.285482,16.062105,15.954978,STAR
322.53048464,11.28863014,18.460499,17.424278,17.14991,17.030859,17.012037,STAR
322.57129344,10.54955452,18.720959,17.226934,16.670151,16.474829,16.415487,STAR
322.4942958,10.72765071,18.927038,17.53894,16.96439,16.726715,16.630987,STAR
321.69039705,11.00320173,18.082811,16.634369,16.076027,15.885164,15.782883,STAR
321.69506739,11.0268812,19.529827,18.107872,17.525427,17.335989,17.232073,STAR
322.57723791,11.31222345,19.051289,17.386204,16.770773,16.545834,16.410227,STAR
321.90489,10.38985958,18.34524,17.153793,16.734301,16.605824,16.547705,STAR
323.55683665,11.42070446,16.914549,16.022921,15.738256,15.623797,15.600436,STAR
321.89354284,11.11544004,19.466688,17.195763,16.322548,16.022186,15.851887,STAR
321.31033828,11.16188752,18.702883,17.732239,17.331997,17.187744,17.083275,STAR
322.64213569,10.62034479,19.043985,17.475702,16.868446,16.659294,16.560446,STAR
322.41366172,10.48193299,18.018566,17.04565,16.724119,16.58741,16.55065,STAR
322.60962683,10.589723,17.675041,16.472565,15.9503,15.705288,15.587233,STAR
322.33122749,10.33609536,17.329155,16.025082,15.444806,15.194658,15.044959,STAR
323.14612377,10.85028694,17.134123,15.974318,15.462563,15.230582,15.099518,STAR
323.33498311,10.84471895,19.083183,17.558781,16.961458,16.720921,16.566984,STAR
179.10573997,-3.08529845,17.711235,16.809872,16.547243,16.46039,16.447746,STAR
322.32851481,10.63993518,17.242035,16.237993,16.0959,16.059036,16.06485,STAR
321.71480817,11.0304373,18.687214,17.157183,16.546604,16.3216,16.201426,STAR
323.30099469,11.34798209,17.370193,16.063448,15.54687,15.338884,15.239339,STAR
321.77892226,10.99853916,17.447933,15.95368,15.394405,15.206577,15.090033,STAR
321.97891534,10.12489163,18.257051,16.739044,16.164507,15.960158,15.867007,STAR
322.53176408,11.41374012,17.351143,15.795805,15.213512,15.01408,14.907661,STAR
321.56071667,10.46814446,19.429281,17.012016,15.979147,15.591496,15.37746,STAR
322.47403466,10.61148928,19.163269,18.094296,17.630369,17.42506,17.360447,STAR
321.78552896,10.64586009,18.332624,17.182692,16.802851,16.647394,16.609781,STAR
321.71088402,10.212971,18.392345,17.116375,16.544027,16.277815,16.116682,STAR
321.68614951,10.26433408,18.437576,16.155092,15.277785,14.923469,14.737513,STAR
323.00798172,11.26394204,18.332815,16.735538,16.134789,15.936169,15.853689,STAR
321.55270499,10.86405852,18.626673,17.086557,16.489735,16.272758,16.158886,STAR
321.38994764,10.78989995,19.273861,16.638937,15.421508,14.917616,14.695488,STAR
321.96860057,10.83851582,19.019342,18.019365,17.656755,17.49609,17.416513,STAR
321.50474666,10.98761512,17.775974,16.273878,15.698432,15.518892,15.4191,STAR
321.33182839,11.26925417,18.365709,17.331409,17.09288,17.01298,16.999554,STAR
321.56878443,10.85669638,17.913595,16.325703,15.751497,15.566347,15.476466,STAR
322.93588917,9.97829593,19.237881,17.949015,17.440802,17.228931,17.103729,STAR
322.30648623,11.1529743,19.320421,17.815838,17.234741,17.022337,16.914684,STAR
321.96381653,10.19583023,17.506491,15.60341,14.763884,14.420013,14.212243,STAR
322.37435065,11.29491822,17.424534,16.174219,16.291792,16.403597,16.438978,STAR
322.7841683,11.29780618,17.996647,16.999195,16.655371,16.508215,16.4725,STAR
322.00397358,10.15157828,19.351374,17.815395,17.251709,17.037262,16.957615,STAR
323.9602567,10.69285223,19.458725,18.096096,17.469076,17.218754,17.079617,STAR
322.11880653,10.27989625,17.115843,15.824203,15.253998,15.000813,14.882233,STAR
323.0799939,11.34554132,19.039024,17.606298,16.995852,16.770763,16.641602,STAR
322.38097294,11.24469754,17.085485,15.526457,14.927155,14.721234,14.608084,STAR
322.89477426,10.76766511,19.221794,17.90613,17.431841,17.260815,17.206015,STAR
179.10453233,-2.81565508,19.452606,18.706322,18.729965,18.647074,18.335951,QSO
322.21528276,11.27517097,18.975681,17.512444,16.905396,16.638565,16.486294,STAR
321.5486286,11.18358264,19.282656,18.212055,17.898071,17.724775,17.688883,STAR
321.2944025,11.25861,18.443371,17.207962,16.624678,16.354485,16.201527,STAR
106.46447983,66.94602277,16.939405,15.87465,15.55746,15.436011,15.444808,STAR
321.87802038,10.6148083,18.130713,16.848022,16.297405,16.074133,15.951018,STAR
179.47069897,-2.2660785,18.913977,18.004089,17.693066,17.555256,17.557903,STAR
104.62879886,66.23935984,19.236137,17.875565,17.29155,17.092745,17.031097,STAR
323.53455219,11.35487251,18.122265,16.543423,15.941344,15.754224,15.661143,STAR
163.11363561,7.58788525,18.934462,18.119873,17.766281,17.597126,17.512854,GALAXY
105.12603941,66.36812452,19.212564,17.786081,17.234381,17.023308,16.937992,STAR
105.31632531,66.10255912,18.46052,17.344221,16.932983,16.801691,16.747787,STAR
322.02665394,10.45849321,19.143585,17.721792,17.156801,16.932468,16.843395,STAR
104.83934168,66.14677945,16.872248,15.685662,15.310489,15.184968,15.144884,STAR
104.74470647,65.66810473,17.285557,15.540554,14.87667,14.642164,14.559324,STAR
104.13236446,65.95449439,17.621922,16.512793,16.160267,16.038967,16.010632,STAR
321.75021727,10.21708501,17.072844,16.084896,15.635675,15.439598,15.344882,STAR
166.55041141,67.05201157,18.723059,18.536482,18.516434,18.395224,18.224337,QSO
106.11526689,66.12781103,17.922831,16.087042,15.366662,15.084802,14.950739,STAR
106.02546644,67.00782533,16.151024,15.006944,14.616154,14.478996,14.466272,STAR
105.25006708,66.38267654,19.093098,18.094648,17.841927,17.753407,17.76232,STAR
166.99880627,66.5255618,19.24025,18.181868,17.68416,17.424244,17.203602,GALAXY
166.92468627,66.52392542,17.59411,15.698318,14.802933,14.354251,14.001511,GALAXY
166.95576659,66.45199186,18.653982,16.764696,15.940937,15.540414,15.229544,GALAXY
322.27328254,11.14104013,16.48279,15.41431,15.086209,14.988639,14.955503,STAR
105.70084317,65.74478554,17.905598,16.577478,16.069588,15.908466,15.839385,STAR
105.14075073,65.73110104,19.024744,17.673368,17.204353,17.03368,17.011091,STAR
104.58478597,66.36337634,18.941902,17.707966,17.233919,17.069586,17.029528,STAR
104.50397723,65.7581979,19.198898,17.786354,17.237383,17.020306,16.939024,STAR
104.06772426,66.03555938,18.365244,16.413172,15.677214,15.395686,15.252433,STAR
104.01323047,66.07242047,19.020935,17.690653,17.184439,17.008228,16.92256,STAR
104.57917635,65.70379067,18.917368,17.305862,16.681816,16.462351,16.363831,STAR
321.36214443,10.72338142,16.985319,15.985082,15.580298,15.417281,15.319008,GALAXY
104.59835688,65.81318306,19.295942,17.832491,17.27091,17.065878,17.000267,STAR
104.4694382,65.95670119,18.483372,16.926882,16.30797,16.101582,16.024246,STAR
104.1727641,65.80054601,17.508184,16.252813,15.757396,15.599932,15.549825,STAR
106.0194367,66.95741494,16.876482,15.40464,14.886279,14.719871,14.684477,STAR
106.04024853,66.87136934,17.316143,15.791568,15.249638,15.067635,15.021235,STAR
163.71711813,7.66844285,19.019981,16.651505,15.608829,15.154737,14.777984,GALAXY
106.71744691,66.53301865,18.731377,17.52062,17.558634,17.643209,17.720993,STAR
106.42525101,66.51887724,19.282755,17.790382,17.202812,16.971291,16.863741,STAR
106.47439454,66.82903759,17.148407,15.986985,15.596437,15.447334,15.403884,STAR
323.41120681,11.09446802,17.062841,16.045704,15.704913,15.581616,15.523087,STAR
106.50708789,66.81737126,16.745911,15.377795,14.882555,14.700512,14.646572,STAR
105.2755818,66.15932686,18.829517,17.444613,16.883904,16.677111,16.56109,STAR
105.63245309,65.82274698,18.907328,17.765728,17.43005,17.307943,17.286659,STAR
204.03554948,39.18799405,19.083984,18.404247,18.277302,18.248922,18.232838,QSO
104.77329948,66.32223583,18.524611,17.229908,16.736887,16.571707,16.523716,STAR
167.66521897,66.71484704,19.260466,18.855259,18.717661,18.622866,18.368652,QSO
105.31428528,66.01812915,19.104492,17.604555,17.038731,16.835722,16.756754,STAR
105.11646165,66.0583832,18.593853,17.014492,16.404461,16.197252,16.110281,STAR
168.12136755,66.45621406,17.783739,16.87336,16.617104,16.54137,16.519949,STAR
105.0149323,66.33534757,17.576942,16.103205,15.539826,15.338329,15.265554,STAR
106.20640716,66.24167051,19.209064,17.546732,16.894541,16.676033,16.560884,STAR
323.35505895,11.0023776,17.162664,15.6052,15.007669,14.789627,14.694762,STAR
106.64428309,66.78797194,18.482368,16.841015,16.222008,15.998262,15.902492,STAR
322.69347291,10.93066816,17.614157,16.401672,16.164551,16.092266,16.08437,STAR
323.31200572,11.01668712,18.507856,17.400177,16.891897,16.663525,16.527849,STAR
106.3368032,66.60599881,17.838959,16.094191,15.468433,15.267433,15.192612,STAR
106.67246177,66.49590371,17.924314,16.121096,15.432242,15.199693,15.097666,STAR
106.04086496,66.83553017,19.349257,17.037029,16.080999,15.778349,15.617004,STAR
106.29438887,66.70384531,17.131321,16.189665,15.760949,15.578756,15.499636,STAR
167.17019479,66.65634173,18.036942,16.898205,16.409039,16.077709,15.9111,GALAXY
167.17892397,66.6330383,19.400927,18.47872,18.148149,18.055651,18.051224,STAR
166.97334199,66.60470578,15.857526,14.538995,13.886269,13.496282,13.252867,GALAXY
166.77040334,66.30506314,18.950806,17.329359,16.46146,16.056963,15.755024,GALAXY
166.99859087,67.31284467,19.20767,17.625017,16.755762,16.329546,15.992568,GALAXY
167.50967942,66.98800339,17.20104,15.879945,15.187815,14.798665,14.543918,GALAXY
106.49346887,65.7824949,18.348873,17.042219,16.571163,16.375984,16.385181,STAR
105.05038747,65.68228902,18.919357,17.6215,17.036863,16.813677,16.714483,STAR
167.73102303,66.4575503,18.714052,18.554571,18.511457,18.217566,18.254091,QSO
323.31899695,11.07279033,19.141821,17.678118,17.098463,16.892998,16.782425,STAR
179.41738975,-2.44839032,19.49428,19.2017,19.1241,19.230398,18.988216,QSO
104.32680575,66.24705023,18.151932,16.911638,16.443033,16.286362,16.20669,STAR
104.2304609,66.39662143,18.296486,17.157623,17.055161,17.064644,17.108944,STAR
105.70347322,66.26572956,17.395672,16.098707,15.620025,15.456143,15.405764,STAR
321.72745805,10.3245359,18.617786,17.410496,16.934776,16.739861,16.666561,STAR
322.03186495,11.15507811,17.677738,16.655346,16.189684,15.973344,15.868954,STAR
321.99527602,11.28616379,18.821249,17.268705,16.656284,16.442368,16.322685,STAR
167.39785579,66.87825739,18.958418,18.968521,18.628012,18.625824,18.671675,QSO
167.21814622,66.71799979,17.195669,16.151627,15.848201,15.648216,15.518124,GALAXY
167.16486889,66.77733965,19.529127,19.142633,18.414679,17.941589,17.677746,QSO
204.18227176,39.08487667,19.313431,18.437155,18.145273,18.075518,18.068375,STAR
166.85856796,67.13216725,18.987038,17.590054,16.786537,16.378746,16.045605,GALAXY
204.27857674,39.17592317,17.954071,15.984218,15.081503,14.664207,14.355013,GALAXY
321.87884839,10.64765405,17.334528,16.324055,16.128872,16.072681,16.105204,STAR
104.70111299,66.20993094,16.777456,15.524312,15.526512,15.610167,15.677289,STAR
321.605951,10.64871948,16.811142,15.758798,15.538874,15.456731,15.454576,STAR
321.89477908,11.18415939,17.844475,16.376026,15.76932,15.52081,15.384675,STAR
321.46375814,10.83880952,18.983988,17.822163,17.865047,17.944973,18.093691,STAR
321.94771283,11.2703302,17.371317,15.787861,15.183705,14.987915,14.894305,STAR
106.43782408,66.81090436,18.999598,17.96187,17.671394,17.556911,17.553167,STAR
167.79277918,66.83390173,19.147312,17.059151,15.959571,15.484395,15.142428,GALAXY
166.8569105,66.79960105,19.465925,17.971441,17.24246,16.787153,16.552246,GALAXY
105.55239353,66.02584429,18.35294,17.329727,16.974976,16.836611,16.782446,STAR
167.54047448,66.93388766,19.548059,18.182163,17.283754,16.801968,16.509617,GALAXY
167.77280125,66.81560129,19.165422,17.407412,16.338762,15.844522,15.476286,GALAXY
106.00416088,66.51655773,18.413778,16.716707,16.085979,15.888946,15.796636,STAR
104.92652404,65.99521291,18.062204,16.31954,15.658887,15.435229,15.351246,STAR
104.74959923,66.08708124,17.46216,16.113804,15.601482,15.426291,15.365845,STAR
104.76136636,65.93067256,17.678257,16.309643,15.819542,15.762935,15.70068,STAR
321.63715569,10.81528529,17.202269,15.978477,16.022182,16.108906,16.130444,STAR
105.00969089,65.9797748,19.173914,17.726196,17.218222,17.055822,16.99988,STAR
106.01069086,66.62273507,17.305731,16.354095,15.972494,15.821615,15.775072,STAR
58.23518305,-5.04139299,18.56056,17.284897,16.798893,16.600132,16.48764,STAR
58.16727859,-5.13449244,17.917362,16.647688,16.149261,15.966675,15.884506,STAR
172.84439894,1.13491948,19.342825,17.512598,16.538342,16.095913,15.716863,GALAXY
188.36773607,0.7669045,18.631826,17.754395,17.462496,17.337929,17.259501,STAR
151.59827086,0.69474956,19.288811,19.219622,19.152473,18.840792,18.698246,QSO
151.67599901,0.72851736,17.108042,16.029861,15.895775,15.888573,15.912296,STAR
173.88694974,0.23651811,19.028276,18.796894,18.794079,18.604656,18.738201,QSO
173.47260918,0.33169453,19.356373,18.021626,17.509357,17.344301,17.260605,STAR
172.80234551,0.40170031,19.431341,18.162195,17.534462,17.162279,16.900387,GALAXY
172.91512912,0.21504905,19.470211,17.915167,17.056993,16.640743,16.341337,GALAXY
173.79735713,-0.03007152,17.805126,16.344376,15.683501,15.341596,15.040864,GALAXY
189.99491021,-0.42603675,18.88134,18.850603,18.626606,18.640419,18.724857,QSO
189.73076393,-0.46829248,19.295921,18.161375,17.700926,17.344152,17.166883,GALAXY
189.49008219,-0.47460467,19.120956,18.990129,18.986557,18.694126,18.686201,QSO
188.95276393,-1.04717322,19.069971,17.923027,17.279802,16.904251,16.668856,GALAXY
189.88286671,-0.38607719,18.970087,16.969442,16.058868,15.632575,15.277324,GALAXY
189.89835252,-0.73880428,19.450949,17.670456,16.818754,16.434353,16.138285,GALAXY
189.08432244,-1.12032243,17.343586,16.139372,15.533954,15.144101,14.905702,GALAXY
172.62016346,0.80159297,19.481897,18.01276,17.377031,17.037327,16.828386,GALAXY
173.74782458,0.41921848,19.550192,18.054699,17.548737,17.356409,17.213043,STAR
173.15633644,0.28193377,19.527327,18.289988,17.58791,17.206165,16.937813,GALAXY
189.15477336,-0.84814253,19.443037,17.732643,16.883526,16.485777,16.19578,GALAXY
189.52637932,-0.40381885,18.891722,17.721411,17.265411,17.052023,16.939411,GALAXY
172.83905613,1.20532894,19.303303,18.195766,17.519217,17.154135,16.882841,GALAXY
151.63151802,1.1417073,17.391596,15.450678,14.580501,14.160643,13.889463,GALAXY
173.61800017,0.75420906,19.288164,17.844101,17.091335,16.638941,16.334267,GALAXY
173.1919174,0.76205641,17.851688,16.071972,15.436694,15.121861,14.898232,GALAXY
173.26653481,0.26063395,19.364094,17.496265,16.605061,16.182096,15.87818,GALAXY
173.03265317,0.31003079,17.296778,16.059639,15.579699,15.388894,15.341292,STAR
172.98548653,0.40346975,18.586195,17.68828,17.044334,16.562546,16.353275,GALAXY
172.81939909,0.22314435,18.209623,16.374435,15.561054,15.153352,14.874392,GALAXY
189.88137712,-0.19635368,19.004311,17.576923,16.983887,16.635937,16.413597,GALAXY
189.96590766,-0.47910251,19.47048,19.292063,19.048775,19.051556,19.095219,QSO
189.76664398,-0.48436788,19.028175,17.732914,17.034754,16.632813,16.377151,GALAXY
189.64136993,-0.55184928,18.471434,17.299095,16.714371,16.355215,16.177935,GALAXY
189.29980016,-0.91857255,19.166065,18.219482,17.777746,17.459795,17.30415,GALAXY
188.95882732,-0.894134,17.968754,17.061232,16.667835,16.282621,16.185823,GALAXY
151.59364801,1.10704221,19.023399,17.808062,17.331406,17.011444,16.876158,GALAXY
173.85339105,0.62974042,19.510031,17.745136,16.874702,16.459391,16.159098,GALAXY
172.6849877,0.81771358,19.064901,17.828756,17.436808,17.180639,16.996294,GALAXY
173.92168768,0.37647389,17.533138,17.491283,17.316355,16.953024,16.967896,QSO
173.26262452,0.26361181,18.888365,18.900541,18.61685,18.661823,18.88768,QSO
189.84691971,-0.60830939,19.214558,18.136492,17.729162,17.399982,17.26371,GALAXY
188.97344894,-1.19682829,18.915232,18.713766,18.61907,18.487837,18.513153,QSO
152.05583839,1.19993056,19.109018,18.880081,18.826014,18.88698,18.66802,QSO
151.8581566,1.17592029,18.985283,17.537849,16.872944,16.458599,16.178635,GALAXY
173.08328456,0.31405695,19.487251,18.077267,17.290447,16.877148,16.62816,GALAXY
189.54773473,-2.54025135,19.538799,18.711948,18.462742,18.351387,18.351765,GALAXY
172.91385579,0.4146266,19.489418,18.062241,17.101114,16.632948,16.269773,GALAXY
189.68019733,-0.51263535,19.222382,18.122114,17.630335,17.342787,17.146,GALAXY
188.92120995,-1.01629189,18.690357,17.926153,17.596758,17.232012,17.267696,GALAXY
189.92805262,-0.64383701,19.231995,17.32361,16.396963,15.965003,15.635811,GALAXY
173.40150226,0.63444429,19.442194,17.758062,16.905434,16.523371,16.24295,GALAXY
151.6294663,1.09353455,18.018042,16.883667,16.374325,16.046476,15.838396,GALAXY
151.56921848,1.23944118,19.560013,18.287361,17.644634,17.267164,17.03211,GALAXY
173.03828584,0.6813599,19.591074,18.133694,17.440729,17.069805,16.83016,GALAXY
172.91930238,0.72081037,19.399561,17.638594,16.659695,16.212011,15.834533,GALAXY
177.99124626,-2.14813957,19.514992,18.590397,18.304399,18.198242,18.16642,STAR
179.1537641,-0.1413162,19.543774,18.667398,18.397373,18.269564,18.295542,STAR
189.26530343,-0.94235589,18.665625,17.48613,16.945745,16.602951,16.422401,GALAXY
172.87310445,0.73865981,18.75288,17.365343,16.777491,16.409494,16.166803,GALAXY
178.15027238,-1.96733688,18.471682,17.598642,17.32198,17.250525,17.210243,STAR
173.05608004,0.81928142,15.24925,13.602302,12.911362,12.600463,12.40029,GALAXY
173.07721137,0.29076939,19.454205,18.077568,17.334208,16.93716,16.689718,GALAXY
189.09183323,-0.80375499,18.62673,17.579756,16.84301,16.437759,16.181324,GALAXY
192.40196092,0.6708189,19.510555,18.588984,18.271198,18.168699,18.163982,STAR
151.61281522,0.96479419,19.216608,17.468018,16.665434,16.293869,16.019289,GALAXY
192.28739224,-2.70710994,18.121855,16.83707,16.301813,16.08876,15.962717,STAR
189.12637671,-0.83339826,19.109142,18.167234,17.509388,17.17457,16.979202,GALAXY
111.79802193,37.0496742,19.348682,18.27334,18.02216,17.928291,17.888399,STAR
151.629497,1.27302023,19.521236,17.964169,17.228947,16.841967,16.550276,GALAXY
151.99264012,1.26898628,18.33659,16.139147,15.318054,14.896985,14.782818,GALAXY
152.02060997,1.45854361,16.710629,15.416047,15.585382,15.721955,15.804665,STAR
152.09605721,1.46188329,18.923933,17.672136,17.007286,16.607986,16.392685,GALAXY
183.89462507,1.28644436,18.145498,17.388096,17.154409,17.047237,16.88455,GALAXY
152.10558447,1.3480943,18.234852,17.474499,17.362732,16.986019,17.035812,GALAXY
152.13499542,1.3870288,19.380314,18.023438,17.293205,16.818682,16.538477,GALAXY
184.09603379,1.27664587,18.613279,17.563589,17.357183,17.162552,17.106215,GALAXY
183.95142198,1.60802376,18.356438,17.569292,17.460218,17.198402,17.175768,GALAXY
183.96507859,1.48884569,18.839323,17.602793,17.04776,16.694347,16.448099,GALAXY
111.70570311,37.00573025,17.948803,16.88476,16.576239,16.496489,16.454966,STAR
184.03380141,1.61064578,19.071934,17.848232,17.244892,16.888105,16.616829,GALAXY
111.84957419,36.95621897,18.28941,17.174,16.819908,16.700439,16.642281,STAR
151.56794245,1.2692518,19.394306,17.982201,17.153009,16.713705,16.349251,GALAXY
184.15093011,1.41442581,18.709553,17.326178,16.458918,16.036358,15.706922,GALAXY
113.55314269,33.777391,18.660374,17.769156,17.488022,17.404011,17.364395,STAR
184.02737509,1.44721487,18.855806,17.412483,16.651438,16.23398,15.947832,GALAXY
113.3619873,33.64999166,17.37442,19.085974,16.753336,15.855135,15.744631,GALAXY
151.68313699,1.04101701,18.645578,17.771933,17.214659,16.855045,16.673574,GALAXY
111.09415073,35.96785,17.377266,16.198799,15.82121,15.700526,15.654064,STAR
192.38277706,-2.85598023,19.074511,18.219934,18.471718,18.65147,18.855749,STAR
111.20882459,36.05729523,17.932482,16.891689,16.533855,16.392153,16.329769,STAR
172.38630061,2.07300476,18.099352,17.641886,17.345881,17.357611,17.434465,QSO
172.45584035,2.08616741,18.34667,17.415739,17.101412,17.001488,16.978176,STAR
172.62819532,2.17441485,18.328442,16.341061,15.40662,14.981544,14.667078,GALAXY
183.98794996,2.27156014,18.940704,18.904724,18.535784,18.495398,18.609015,QSO
184.18220388,2.14330972,17.95859,18.339874,18.858702,19.219902,19.652863,STAR
183.62636105,1.89087627,19.132652,19.059109,19.091391,18.900257,18.781164,QSO
183.6277426,1.95279452,19.244375,17.671337,16.834391,16.37966,16.029444,GALAXY
183.72658921,1.91619549,18.75202,17.164999,16.470627,16.119284,15.869123,GALAXY
183.95661738,2.00972827,19.334366,18.16787,17.70414,17.32613,17.168211,GALAXY
183.94746634,2.06996627,19.013739,17.11171,16.204386,15.792766,15.446715,GALAXY
183.98234286,2.01632709,19.091221,17.312576,16.448389,16.0382,15.828859,GALAXY
183.99410387,2.03960375,18.680372,17.480543,17.174948,17.029715,16.855253,GALAXY
184.11487491,2.0595402,18.698557,17.184137,16.926889,16.153336,15.899951,STAR
184.10675471,1.87495714,18.842667,17.702383,17.165682,16.808136,16.640497,GALAXY
184.17067574,1.92160044,19.199841,17.381304,16.542469,16.064407,15.673272,GALAXY
111.90461682,36.88956302,19.481245,18.471395,18.194443,18.100075,18.085419,STAR
183.95533155,2.35820167,19.380457,17.952517,17.320992,16.988031,16.73037,GALAXY
184.06767744,2.5006952,17.569107,16.638903,16.38085,16.284815,16.241795,STAR
184.23556272,2.48763313,18.102333,17.906637,17.637718,17.655739,17.671902,QSO
184.26726747,2.39152858,19.217556,18.765564,18.550259,18.563139,18.478701,QSO
184.16855536,1.87018889,19.495502,18.313335,17.532883,17.141834,16.926289,GALAXY
184.32965089,2.36064337,19.271376,17.746338,17.125589,16.769934,16.554106,GALAXY
184.21062143,2.44550375,19.422392,17.987289,17.380392,17.063688,16.87727,GALAXY
152.23741125,1.77673891,19.532007,18.227919,17.544132,17.132759,16.81773,GALAXY
170.13009937,1.35189245,18.70854,16.722307,15.680602,15.216766,14.861122,GALAXY
172.33572457,1.26795272,18.41515,18.486582,18.797878,19.015198,19.251129,QSO
172.30749573,1.35698626,19.584736,18.73596,18.44277,18.367437,18.308247,STAR
153.66383023,2.64357047,19.292606,18.117619,17.533789,17.16378,16.990685,GALAXY
153.66284414,2.74878814,19.343525,17.613838,16.599407,16.063784,15.659863,GALAXY
154.37326806,2.76666411,18.674057,17.112125,16.276043,15.860464,15.5483,GALAXY
183.5332639,2.08262659,18.354204,17.370443,16.942844,16.715219,16.569771,GALAXY
153.83816764,2.16627017,19.474762,18.321562,17.897078,17.729818,17.669746,STAR
183.60695113,1.85557653,18.711239,17.502214,17.072582,16.768129,16.603992,GALAXY
349.03418977,13.39293957,19.053471,19.038654,18.845058,18.479366,18.38282,QSO
349.11427387,13.44288417,18.737549,17.459589,16.952887,16.772648,16.713476,STAR
349.28152916,13.42296393,18.537958,17.463789,17.154451,17.039631,17.004841,GALAXY
349.95580751,13.57933088,19.272482,19.030975,18.678614,18.664032,18.637699,QSO
350.00621788,13.61788795,19.375759,18.161692,17.444088,17.027699,16.880302,GALAXY
183.56449445,2.10931504,19.568544,19.415606,19.276157,19.019352,18.942406,QSO
174.61177511,3.36864355,14.692956,14.863936,15.128316,15.05547,14.817461,STAR
151.53739982,0.58234566,19.061287,17.863609,17.279934,16.973207,16.725502,GALAXY
344.7196278,-10.28745273,17.220711,16.113371,15.602688,15.349179,15.147503,GALAXY
161.84894832,2.41478089,18.387083,18.001694,17.990192,17.873016,17.843597,QSO
161.97058553,2.40227268,19.372219,19.208914,18.921152,19.006754,18.980581,QSO
345.22141926,-10.26684725,18.04068,17.079361,16.753098,16.641768,16.625435,STAR
162.05930564,2.37402766,19.188766,18.079008,17.264414,16.842478,16.627161,GALAXY
342.51260443,13.05084115,16.522888,15.195404,15.145284,15.128099,15.152977,STAR
162.37386179,2.51865112,18.788147,17.528362,17.002075,16.668814,16.52894,GALAXY
345.01860431,-9.90910249,19.5399,19.11272,19.035997,18.689379,18.783293,QSO
345.07670129,-9.87557619,19.491798,18.295937,17.608799,17.245258,16.953234,GALAXY
345.11713617,-9.88667957,18.468121,16.462507,15.494314,15.053341,14.694632,GALAXY
174.21356387,2.52409838,17.429277,16.498739,16.133755,15.982355,15.962564,STAR
174.34251711,2.62087415,18.97641,17.697872,17.135817,16.815956,16.607977,GALAXY
174.42776483,2.46366407,19.503035,18.201441,17.484425,16.984985,16.731796,GALAXY
344.56800148,-9.51560919,19.583691,18.521847,17.83334,17.437273,17.198498,GALAXY
183.80762611,2.55956624,19.351738,18.957373,18.376291,17.976692,17.758137,QSO
184.3011784,2.53743517,17.953411,17.022371,16.762344,16.658632,16.663553,STAR
58.58037724,-4.99473832,17.868254,16.726429,16.238972,16.034241,15.954403,STAR
342.76644212,12.94438713,19.058144,17.268148,16.512157,16.16098,15.875811,GALAXY
162.21223476,2.81497189,19.552847,18.42087,17.754107,17.365772,17.147247,GALAXY
162.31195309,2.78142662,18.090462,17.020281,16.601841,16.355997,16.163576,GALAXY
162.4988614,2.92190635,18.721769,18.621916,18.288591,18.204254,18.203503,QSO
342.93199629,12.95614875,19.168697,18.073282,17.65959,17.406355,17.237841,GALAXY
349.05490206,13.46463726,19.201988,18.202024,17.873222,17.575109,17.456394,GALAXY
349.18613684,13.4830119,15.761218,14.124255,13.260653,12.854984,12.553173,GALAXY
162.39612181,3.25121837,19.493254,17.863909,16.993908,16.590797,16.299381,GALAXY
349.38318095,13.4403201,18.750761,17.660015,17.022284,16.639227,16.445606,GALAXY
162.59552,3.34908944,18.644798,16.571888,15.640818,15.180438,14.834285,GALAXY
349.57065721,13.57406876,18.54701,17.137877,16.392147,15.98285,15.681791,GALAXY
349.79074143,13.5411832,19.060898,18.10306,17.693661,17.51111,17.441038,STAR
349.694477,13.90482111,17.998262,15.692496,15.182051,15.043836,14.981307,STAR
349.8266652,13.91164449,18.311253,16.529892,15.590719,15.091161,14.719914,GALAXY
341.38384324,13.67763779,18.529644,17.517216,17.112343,16.827528,16.602751,GALAXY
345.04891743,-10.36234972,18.774824,18.349224,18.269386,18.304802,18.159439,QSO
345.11930893,-10.37934569,17.574999,15.738458,14.878063,14.459674,14.150167,GALAXY
345.18271495,-10.36238359,18.986891,18.652613,18.410892,18.412809,18.229086,QSO
344.62991071,-9.8254634,15.224081,15.586542,15.404887,15.455221,15.236816,STAR
345.09607527,-9.8832743,18.774214,16.722143,15.734221,15.303979,14.941443,GALAXY
174.53587751,2.46721415,19.492973,18.16217,17.557026,17.298906,17.150723,STAR
344.85547268,-9.49697891,17.835503,15.881432,14.92865,14.520392,14.176208,GALAXY
174.63408989,2.52674919,19.50852,18.138643,17.227856,16.781534,16.450869,GALAXY
174.43816845,2.94151608,19.474346,18.040936,17.1866,16.740244,16.450985,GALAXY
113.2635491,32.70005228,19.461536,17.781755,16.680489,16.17503,15.879853,GALAXY
342.68321457,12.88557343,19.481848,18.863052,18.856447,18.753807,18.517342,QSO
342.7993532,12.9114153,19.423021,18.305239,17.750856,17.324553,17.123837,GALAXY
161.73739197,2.86922455,18.755449,17.620022,16.967508,16.601664,16.410503,GALAXY
162.16988066,2.75596855,17.273144,15.960597,16.090225,16.20203,16.248442,STAR
162.25913003,2.88290158,17.71557,15.745097,14.829448,14.403276,14.083728,GALAXY
162.17997826,2.85239297,19.432318,18.28013,17.564827,17.22629,16.956291,GALAXY
343.00977137,13.08719891,19.308844,19.218843,18.830353,18.856201,18.960773,QSO
162.61025139,2.89221618,19.495728,18.26861,18.037115,17.967897,17.926071,STAR
174.6231066,2.94635526,18.494915,17.050432,16.361277,15.995795,15.745194,GALAXY
349.23972286,13.52766802,18.747969,18.601683,18.519785,18.54221,17.776468,QSO
162.73027635,3.35447131,19.570877,18.426447,17.780838,17.454325,17.202539,GALAXY
162.88347155,3.16109996,18.514894,18.071091,17.452597,17.032057,16.88867,QSO
342.78695857,13.38560675,19.157156,18.998569,18.735228,18.573853,18.514709,QSO
343.15151201,13.46959635,18.631111,17.395361,16.672415,16.259827,15.998845,GALAXY
349.40165484,14.00121011,15.409681,14.443178,13.911539,13.715543,13.461347,GALAXY
341.08142602,13.6648343,19.483948,18.411253,17.72472,17.315653,17.089699,GALAXY
343.1928583,13.89090485,17.800314,16.848757,16.555346,16.437565,16.380926,STAR
343.19656178,13.7723474,19.352596,18.412476,18.050737,17.892609,17.876741,STAR
349.68248954,14.28123487,17.678518,15.905041,15.076403,14.627272,14.310954,GALAXY
350.08322484,14.40666031,19.529184,17.759914,16.88689,16.467192,16.144619,GALAXY
359.2141844,15.31335185,18.249519,18.062254,17.893396,17.636326,17.779556,QSO
359.47044606,15.23364334,18.762194,17.169874,16.488525,16.049477,15.742137,GALAXY
359.63528579,15.2130583,19.197906,17.624878,16.830616,16.423521,16.131592,GALAXY
359.64588427,15.1709487,19.47069,17.478556,16.405594,15.939051,15.520565,GALAXY
359.68638857,15.25845314,19.24478,18.231112,17.638111,17.24131,17.009998,GALAXY
345.16176824,-9.90195793,19.316921,18.304623,17.822474,17.53154,17.321491,GALAXY
339.65106504,14.32541138,19.040688,17.852512,17.209146,16.812159,16.535685,GALAXY
342.66326017,12.96286017,19.577724,18.070581,17.162809,16.673561,16.359255,GALAXY
359.72029025,15.75662421,19.483343,18.275108,17.841976,17.477816,17.254713,GALAXY
359.80504966,15.64497634,19.424044,18.228689,17.648163,17.343958,17.191952,GALAXY
359.87340241,16.16934907,17.640886,15.623852,14.691335,14.244535,13.891953,GALAXY
345.4065091,-9.99210772,18.980295,16.896271,15.85658,15.409294,15.028101,GALAXY
345.41821202,-10.02761712,19.530529,18.230394,17.372051,16.913998,16.611816,GALAXY
359.70819411,15.70524989,19.525223,17.585611,16.631046,16.19034,15.835551,GALAXY
359.85857038,16.1209533,18.269285,17.115616,16.587709,16.258146,16.05538,GALAXY
152.17616974,1.61583354,18.87513,17.590256,16.801867,16.446522,16.175875,GALAXY
347.93690231,14.73138349,18.828239,17.503954,16.958624,16.754711,16.675348,STAR
348.32521038,14.71775808,19.354851,16.873558,15.225249,24.090509,14.275164,STAR
339.08278155,14.31452911,18.68788,16.931845,16.064095,15.639983,15.293818,GALAXY
340.70016702,14.40918033,19.198408,18.039419,17.569027,17.397406,17.32041,STAR
347.9221786,15.08462274,19.296013,17.6178,16.653994,16.167017,15.806006,GALAXY
359.72177191,15.58282103,19.216818,18.20706,17.817347,17.684101,17.584284,STAR
359.82820714,15.6116631,19.49148,17.466467,16.3778,15.850599,15.426147,GALAXY
359.86505624,15.7524686,18.67523,17.326738,16.717703,16.360268,16.094305,GALAXY
153.75936499,2.52447757,18.673128,18.452244,17.966312,17.59794,17.453323,QSO
347.94168414,15.12875876,19.139919,17.539412,16.68203,16.224657,15.906064,GALAXY
174.50153205,3.11029805,19.354685,17.376566,16.347759,15.872696,15.509684,GALAXY
359.64126813,14.91259337,19.244059,18.278723,17.807755,17.407684,17.379854,GALAXY
162.8855041,3.12175813,17.969025,16.549131,15.786584,15.38451,15.09478,GALAXY
162.04631622,2.27516582,17.388935,16.143866,16.101778,16.0945,16.091379,STAR
174.74717942,3.19592075,19.36318,19.045462,19.01589,19.049282,18.964041,QSO
174.68356298,3.26053171,18.920612,16.869104,15.806435,15.328183,14.978034,GALAXY
162.34684153,2.30169713,18.953541,18.564823,18.593409,18.749088,18.612984,QSO
162.2762143,2.22414174,16.798813,15.64076,15.128479,14.833178,14.632582,GALAXY
174.55930235,3.43043358,19.2404,17.985088,17.381794,16.983603,16.789967,GALAXY
170.48052543,2.28714046,18.436453,16.520933,15.594707,15.160233,14.838892,GALAXY
153.53349453,2.42049697,18.971025,17.034687,16.01178,15.661428,15.312471,GALAXY
153.96721273,2.55766957,18.718702,17.217974,16.484169,15.993427,15.714659,GALAXY
174.42320897,2.41317694,19.304354,17.451288,16.51133,16.036932,15.690617,GALAXY
153.73529416,2.97229328,17.609596,16.684055,16.393232,16.318066,16.294376,STAR
349.94862386,14.35362291,19.515707,17.502617,16.406876,15.839679,15.349422,GALAXY
153.98991195,2.79622698,19.506088,19.389967,19.431242,19.166958,19.125954,QSO
161.97198122,2.68320207,19.586065,19.40575,19.27882,19.090309,18.840677,QSO
154.16904765,2.85699685,17.2631,16.04438,15.410313,15.060944,14.797702,GALAXY
347.96237756,14.65913345,16.949709,15.712696,15.168201,14.909151,14.762595,GALAXY
345.00503758,-9.83977498,19.542475,17.67062,16.732166,16.358776,16.040888,GALAXY
154.24586444,2.97968367,19.017429,17.452869,16.637083,16.204353,15.878425,GALAXY
347.96323225,14.7698181,19.003321,17.929068,17.446547,17.112354,17.094723,GALAXY
348.22104539,14.74816449,18.389286,17.754433,17.564993,17.410873,17.426416,QSO
153.95010435,3.11339577,16.010771,15.581809,15.77083,15.951853,16.17267,STAR
348.21947992,14.68490546,19.496601,18.217741,17.643511,17.307093,17.132154,GALAXY
348.38753397,14.80971405,19.237978,18.069605,17.660738,17.798557,17.473024,STAR
153.92627055,3.13662774,19.442049,18.004253,17.185606,16.767189,16.440632,GALAXY
154.27076385,3.10646761,19.404682,19.023418,18.348366,17.970137,17.572701,QSO
359.69885315,15.27161683,19.571503,18.361622,17.676113,17.256058,16.988256,GALAXY
339.45218315,14.38274842,19.167656,17.624304,16.762812,16.303968,15.975455,GALAXY
339.54415073,14.44058876,18.510199,17.06138,16.299948,15.888164,15.553912,GALAXY
162.42162369,2.99745655,19.241964,18.862976,18.772169,18.547104,18.586773,QSO
162.51118748,3.02745835,19.260983,17.979673,17.208044,16.802202,16.565006,GALAXY
347.92524516,15.11061889,17.093702,15.17955,14.246153,13.779659,13.42798,GALAXY
347.91201551,15.12824369,18.233938,16.37232,15.41321,14.923197,14.530424,GALAXY
162.5747108,3.14959385,18.936407,17.682823,17.203402,16.90189,16.728111,GALAXY
348.07977216,15.12825708,19.226473,17.669851,17.128311,16.707306,16.281849,GALAXY
162.53374949,3.00921234,19.094566,17.823099,17.106859,16.690876,16.419193,GALAXY
223.30000868,5.08145302,18.85327,17.573225,16.888689,16.429758,16.179029,GALAXY
223.30569058,5.14216292,19.084934,17.860296,17.253578,16.869869,16.637911,GALAXY
162.86145309,3.09404179,18.944757,18.7108,18.50948,18.319485,18.356552,QSO
174.43476283,3.29221336,18.57024,17.452829,16.89151,16.55027,16.385817,GALAXY
174.6548931,3.1495842,16.526609,15.186022,15.170297,15.219382,15.281468,STAR
174.57795172,3.27155242,19.35046,18.065466,17.380381,16.947205,16.713915,GALAXY
174.59384217,3.12491908,19.022413,17.523912,16.72167,16.292301,16.02088,GALAXY
223.67886562,5.65256714,19.387817,18.099604,17.534937,17.192102,17.03928,GALAXY
169.95451374,2.27650257,19.408127,17.439657,16.4855,16.055006,15.708351,GALAXY
152.27735381,1.59075295,19.595118,17.692936,16.748449,16.333229,16.009796,GALAXY
152.33802737,1.99460937,19.10508,18.838345,18.615309,18.687132,18.575138,QSO
223.70658034,5.5959675,19.570963,17.539095,16.588213,16.167061,15.861139,GALAXY
174.34388002,2.32761223,19.221622,18.124035,17.505123,17.160154,16.959688,GALAXY
223.70049162,5.50680171,18.462885,17.529242,17.226936,16.985691,16.873901,GALAXY
153.69852041,2.80775726,18.488829,17.419878,17.022966,16.921314,16.872011,STAR
223.71139132,5.47551929,19.539392,17.576422,16.595251,16.16655,15.822058,GALAXY
154.35658689,2.90028918,19.56229,18.043669,17.163364,16.774681,16.472639,GALAXY
154.03418108,3.05250983,19.098745,17.075571,16.131319,15.699635,15.360107,GALAXY
154.10845305,3.06804265,18.849081,16.85845,15.956569,15.52982,15.17972,GALAXY
154.35798357,3.07667498,19.134724,17.556871,16.670027,16.255222,15.884368,GALAXY
154.42448735,3.10157996,18.760059,17.438839,16.702034,16.307756,16.016865,GALAXY
234.5934541,4.50630604,18.580956,17.288868,16.552902,16.064533,15.825596,GALAXY
174.27849189,2.84583819,17.103168,16.094719,15.337282,14.872434,14.455184,GALAXY
162.57680432,3.3858126,18.630373,17.023808,16.226187,15.807096,15.463233,GALAXY
162.70108281,3.39128332,19.212681,19.13728,18.919218,18.893715,19.040094,QSO
234.69715884,4.65542433,17.917444,16.677645,16.265593,16.018629,15.873568,GALAXY
174.25169587,2.82484425,18.03154,16.81353,16.311111,16.027231,15.862098,GALAXY
174.2990648,2.80585848,18.591568,17.5182,17.195276,16.958832,16.866642,GALAXY
174.38620203,2.86809372,18.377333,17.045628,16.360683,15.993981,15.728048,GALAXY
174.48307699,3.11214468,19.427185,19.245489,19.056263,19.001003,19.020767,GALAXY
174.50536994,2.76970236,17.58386,15.558818,14.590763,14.096461,13.669083,GALAXY
162.46239533,2.99799651,19.524084,17.662756,16.842083,16.417089,16.096193,GALAXY
223.64679452,5.61322425,18.304308,16.399208,15.450885,15.023602,14.720526,GALAXY
223.62379449,5.23814133,19.334196,18.414461,18.060413,17.842411,17.799747,STAR
235.0580683,4.52400036,19.33293,17.954794,17.403355,17.059162,16.833933,GALAXY
234.97513038,4.08439578,16.270006,15.070878,15.015229,15.050583,15.118008,STAR
235.04221942,4.13566396,18.96384,17.021486,16.055347,15.560227,15.114361,GALAXY
235.07829661,4.51986725,19.475914,17.948164,17.127644,16.684515,16.390125,GALAXY
235.26411071,4.5803126,19.585222,17.540079,16.501717,16.045273,15.685588,GALAXY
174.66385091,3.09092596,19.347752,19.227749,18.949329,19.06226,19.181227,QSO
226.06725784,5.82274941,18.19239,16.751991,16.224726,15.914775,15.673183,GALAXY
226.3665754,5.75368955,17.924974,16.40498,15.62666,15.226331,14.949265,GALAXY
235.371339,4.53565765,19.537241,17.962212,17.064081,16.555031,16.223118,GALAXY
223.69524113,5.44930638,18.282131,16.375206,15.483867,15.090272,14.749527,GALAXY
223.88298823,5.56589038,17.818958,17.620695,17.46608,16.989244,17.034367,QSO
154.34010321,3.17739861,18.378826,16.973225,16.233965,15.850942,15.587622,GALAXY
234.54564225,4.51876858,19.451719,17.5564,16.679399,16.249285,15.958023,GALAXY
223.21419819,5.18213825,18.244099,16.527163,15.790436,15.452445,15.198143,GALAXY
235.18838171,4.41489981,19.155708,18.083168,17.687258,17.522169,17.433836,STAR
223.32075477,4.79338035,18.575966,16.657803,15.742418,15.307285,14.963801,GALAXY
234.63639231,4.11733144,19.220982,18.954147,18.762054,18.570526,18.607006,QSO
343.10778297,13.17648026,18.668718,17.607967,17.090126,16.825642,16.642559,GALAXY
113.31097209,33.20849257,19.371252,17.633738,16.671938,16.166775,15.794329,GALAXY
162.34263046,2.65253622,19.551111,18.026995,17.151579,16.741684,16.439978,GALAXY
341.01863213,14.59989105,18.95495,17.151089,16.21781,15.783169,15.455292,GALAXY
113.65516701,32.33508119,19.049389,18.152006,17.815199,17.669266,17.659771,STAR
226.24535397,5.65729597,19.32173,17.399519,16.371389,15.914534,15.51822,GALAXY
174.25433533,3.60395486,18.930965,17.69578,17.056128,16.646124,16.328547,GALAXY
226.2020758,6.23799053,18.055588,16.657242,15.990319,15.609087,15.340953,GALAXY
226.23617455,6.13021634,17.781588,15.955684,15.105424,14.68597,14.376987,GALAXY
349.69279204,13.7455483,19.463301,18.162607,17.528595,17.119076,17.047207,GALAXY
349.42112142,14.07879547,19.436338,17.470366,16.428293,15.968378,15.612032,GALAXY
162.24909463,2.70859025,19.276306,18.082777,17.300089,16.891619,16.606239,GALAXY
348.08924952,14.60939052,15.944752,13.978848,12.943472,12.458199,12.115973,GALAXY
348.09897624,14.54686581,17.863922,16.162807,15.38175,15.017492,14.738726,GALAXY
359.25126681,15.43911671,19.448071,17.364119,16.303675,15.846785,15.45542,GALAXY
225.95074337,6.2193911,19.290741,17.3536,16.322548,15.890248,15.546539,GALAXY
349.91244698,14.18528195,19.526577,18.647299,18.303995,18.173054,18.11998,STAR
359.90184288,15.84151217,18.437666,17.268539,16.688816,16.238279,15.995141,GALAXY
225.84704286,5.7012369,17.25881,15.419925,14.571819,14.150609,13.817406,GALAXY
349.02915783,13.26017483,19.373066,18.123148,17.571016,17.322851,17.206383,GALAXY
349.26380621,13.28059713,17.123444,16.03163,15.662967,15.519349,15.472904,STAR
349.11449577,13.37449124,18.228424,16.922846,16.38341,16.041506,15.890223,GALAXY
349.18483461,13.22203936,19.374954,18.273897,17.692097,17.324549,17.161846,GALAXY
226.66103958,5.75057768,19.507521,18.007389,17.178963,16.772682,16.510761,GALAXY
237.20354128,4.69762642,19.402601,17.333138,16.266167,15.814165,15.414648,GALAXY
