"RankAndName","Murders","NegligentHomicides","ForcibleRapes","NonforcibleRapes","Robberies","AggravatedAssaults","Burglaries","CarThefts","Arsons"
"1, Tufts University",1,0,36,0,100,119,174,49,1
"2, Harvard University",1,0,128,0,151,170,909,157,1
"3, Rutgers University-Newark",1,0,28,0,42,24,387,95,19
"4, University of Hartford",0,0,16,0,36,21,221,56,0
"5, University of Baltimore",0,0,2,0,55,20,17,47,2
"6, Howard University",0,0,7,0,90,27,160,43,0
"7, North Carolina Central University",1,0,7,0,42,32,172,49,0
"8, Norfolk State University",1,0,6,0,23,11,151,21,12
"9, Morgan State University",1,0,0,0,49,13,133,13,0
"10, New Jersey Institute of Technology",1,0,1,0,36,30,22,110,0
"11, Illinois Institute of Technology",0,0,7,0,44,25,98,38,0
"12, Washington University in St. Louis",1,0,22,0,59,30,159,144,1
"13, Massachusetts Institute of Technology",0,0,18,0,9,21,536,21,2
"14, Johnson & Wales University",3,0,25,0,35,47,28,68,1
"15, Temple University",1,0,34,0,192,97,747,56,1
"16, University of Pennsylvania",4,0,27,0,176,40,117,28,0
"17, Brown University",0,0,18,0,35,18,196,16,1
"18, Columbia University",2,0,23,0,93,70,440,20,2
"19, Stanford University",0,0,34,2,14,36,466,136,14
"20, University of the Pacific",0,0,11,0,4,11,126,44,10
"21, Lesley University",0,0,5,0,23,25,20,40,0
"22, University of Michigan-Ann Arbor",1,0,119,0,83,225,230,142,20
"23, Wake Forest University",0,0,17,1,10,12,258,15,2
"24, DePaul University",0,0,21,0,143,56,87,92,4
"25, Yale University",0,0,33,0,47,4,261,53,1
"26, Tulane University",0,0,15,0,9,56,199,27,2
"27, University of Maine",0,0,26,0,3,1,100,8,54
"28, North Carolina A & T State University",0,0,1,0,28,33,116,27,7
"29, Southern University and A & M College",0,0,3,0,10,20,218,18,0
"30, Northeastern University",0,0,26,0,130,72,120,82,6
"31, Wayne State University",0,0,20,0,113,23,167,384,3
"32, University of California-Berkeley",0,0,43,0,124,64,328,169,21
"33, Virginia Polytechnic Institute and State University",33,0,16,0,2,25,164,8,6
"34, Buffalo State College",0,0,22,0,33,40,126,29,3
"35, University of California-Riverside",0,0,28,0,43,39,169,128,16
"36, University of Chicago",0,0,15,0,54,16,204,101,1
"37, Prairie View A & M University",0,0,7,0,5,15,256,30,2
"38, Fitchburg State College",0,0,8,0,2,25,186,5,1
"39, San Diego State University",1,0,41,0,41,74,161,366,7
"40, University of Connecticut",0,0,30,0,51,51,281,134,13
"41, University of Illinois at Chicago",1,0,28,0,90,100,61,66,1
"42, Princeton University",0,0,53,2,1,12,163,25,9
"43, Texas Southern University",0,0,4,0,20,19,177,24,1
"44, University of Louisville",2,0,23,0,61,47,100,95,3
"45, University of Massachusetts-Dartmouth",0,0,10,0,9,29,189,8,2
"46, Vanderbilt University",0,0,21,0,17,38,185,23,4
"47, Morehead State University",0,0,13,0,0,36,42,0,16
"48, La Salle University",0,0,7,0,25,7,90,7,1
"49, Northwestern University",0,0,13,0,23,16,615,28,3
"50, University of Miami",0,0,7,1,33,31,143,102,0